name,ingredient,weight,category,note
가쓰오부시우동,"우동면, 생것",150,면,한식
,"다랑어, 가다랑어 육수",150,,
,"파, 대파, 생것",4.5,,
,"다시마, 말린것",3,,
,미소,3,,
가쓰오부시장국,"쑥갓, 생것",30,국,한식
,"간장, 재래",7.5,,
,"다랑어, 가다랑어 육수",3,,
,"다시마, 생것",3,,
,"멸치, 대멸치, 삶아서 말린것",3,,
,"양파, 생것",3,,
,"파, 생것",3,,
,"김, 참김, 구운것",0.75,,
,"마늘, 생것",0.75,,
가쓰오우동,"우동면, 생것",75,면,한식
,어묵,15,,
,"게맛살, 어육함량이 낮은것",4.5,,
,"간장, 개량, 산분해",3,,
,"다시마, 생것",3,,
,"쑥갓, 생것",3,,
,"파, 골파, 생것",1.5,,
,"마늘, 생것",0.75,,
,"소금, 정제염",0.3,,
가쓰오유부국,"다랑어, 가다랑어 육수",75,국,한식
,"팽이버섯, 생것",15,,
,"두부, 유부",7.5,,
,"멸치, 대멸치, 삶아서 말린것",3,,
,"마늘, 생것",1.5,,
,"파, 대파, 생것",1.5,,
,"다시마, 말린것",0.75,,
,소금,0.45,,
가쓰오장국,"다랑어, 가다랑어 육수",100,국,한식
,"어묵, 구운것",30,,
,"무, 조선무, 생것",20,,
,"양파, 생것",20,,
,"파, 대파, 생것",10,,
,"간장, 개량, 양조",1,,
,"마늘, 생것",0.5,,
가자미구이,"가자미, 생것",90,구이,한식
,"밀, 중력밀가루",7.5,,
,콩기름,7.5,,
,소금,0.3,,
가자미레몬구이,"가자미, 돌가자미, 생것",105,구이,한식
,"레몬, 생것",7.5,,
,"밀, 중력밀가루",4.5,,
,콩기름,3,,
,소금,0.3,,
,"후추, 검은색, 가루",0.15,,
가자미무조림,"가자미, 생것",105,조림,한식
,"무, 조선무, 생것",45,,
,"간장, 재래",3,,
,"설탕, 백설탕",1.5,,
,"마늘, 생것",0.3,,
가자미양념찜,"가자미, 생것",120,찜,한식
,"파, 생것",11.25,,
,"간장, 개량, 양조",3,,
,"마늘, 생것",1.2,,
,고춧가루,0.6,,
,참기름,0.45,,
,"참깨, 흰색, 볶은것",0.3,,
가자미카레구이,"가자미, 돌가자미, 생것",105,구이,한식
,"밀, 강력밀가루",15,,
,"카레 소스, 가루",4.5,,
,콩기름,4.5,,
,"소금, 가공염, 죽염",1.5,,
,"후추, 흰색, 가루",0.3,,
가지나물,"가지, 생것",45,샐러드,한식
,"간장, 재래",2.25,,
,"마늘, 생것",0.75,,
,참기름,0.75,,
,"파, 생것",0.75,,
,"깨소금, 가루, 볶은것",0.45,,
가지볶음,"가지, 생것",52.5,볶음,한식
,"파, 생것",7.5,,
,"간장, 개량, 양조",4.5,,
,콩기름,3.75,,
,"마늘, 생것",1.5,,
,참기름,0.3,,
,"후추, 검은색, 가루",0.15,,
가지튀김양념장,"가지, 생것",45,튀김,한식
,"밀, 튀김가루",,,
,콩기름,,,
,"간장, 개량, 양조",6,,
,"설탕, 가루",3,,
,"식초, 양조",3,,
,"마늘, 생것",0.75,,
,참기름,0.75,,
감귤,"귤, 온주밀감, 생것",100,과일(간식),한식
감자고추장조림,"감자, 대지, 생것",60,조림,한식
,"고추장, 재래",10.5,,
,"간장, 개량, 양조",4.5,,
,콩기름,2.25,,
,"파, 생것",2.25,,
,참기름,0.3,,
감자다시마국,"감자, 대지, 생것",52.5,국,한식
,"파, 대파, 생것",4.5,,
,"멸치, 대멸치, 삶아서 말린것",3,,
,참기름,2.25,,
,"다시마, 말린것",1.5,,
,"간장, 재래",0.75,,
,"마늘, 생것",0.75,,
,소금,0.6,,
감자맑은국,"감자, 대지, 생것",75,국,한식
,"간장, 재래",3,,
,"다시마, 생것",3,,
,"멸치, 대멸치, 삶아서 말린것",3,,
,"파, 생것",3,,
,"마늘, 생것",2.4,,
,소금,1.2,,
감자양파국,"감자, 대지, 생것",45,국,한식
,"양파, 생것",7.5,,
,"파, 생것",4.5,,
,"멸치, 대멸치, 삶아서 말린것",3,,
,"간장, 재래",0.75,,
,"마늘, 생것",0.75,,
,소금,0.6,,
감자양팟국,"감자, 대지, 생것",45,국,한식
,"느타리버섯, 생것",15,,
,"양파, 생것",15,,
,"멸치, 대멸치, 삶아서 말린것",3,,
,"파, 실파, 생것",3,,
,"다시마, 말린것",1.5,,
,마늘 페이스트,1.5,,
,"간장, 재래",0.6,,
,소금,0.3,,
,"후추, 검은색, 가루",0.3,,
감자옹심이국,"감자, 대지, 생것",105,국,한식
,"파, 생것",9,,
,"멸치, 대멸치, 삶아서 말린것",6,,
,"간장, 재래",1.5,,
,"마늘, 생것",1.5,,
,소금,0.75,,
감자조림,"감자, 대지, 생것",90,조림,한식
,"간장, 개량, 양조",4.5,,
,콩기름,3,,
,"파, 생것",3,,
,물엿,1.5,,
,"설탕, 백설탕",1.5,,
,"마늘, 생것",0.3,,
,참기름,0.3,,
감자채당근볶음,"감자, 대지, 생것",60,볶음,한식
,"양파, 생것",15,,
,"당근, 뿌리, 생것",7.5,,
,"파, 생것",2.25,,
,"간장, 개량, 양조",0.75,,
,콩기름,0.75,,
,"마늘, 생것",0.3,,
,소금,0.15,,
,참기름,0.15,,
감자채볶음,"감자, 대지, 생것",105,볶음,한식
,"파, 생것",2.25,,
,"간장, 개량, 양조",0.75,,
,콩기름,0.75,,
,"마늘, 생것",0.3,,
,소금,0.15,,
,참기름,0.15,,
감자채카레볶음,"감자, 대지, 생것",60,볶음,한식
,"당근, 뿌리, 생것",7.5,,
,"양파, 생것",7.5,,
,"카레 소스, 가루",6,,
,콩기름,3,,
,"깨소금, 가루, 볶은것",0.3,,
,"마늘, 생것",0.3,,
,소금,0.15,,
감자채피망볶음,"감자, 대지, 생것",60,볶음,한식
,"양파, 생것",15,,
,"피망, 빨간색, 생것",7.5,,
,"파, 생것",2.25,,
,"간장, 개량, 양조",0.75,,
,콩기름,0.75,,
,"마늘, 생것",0.3,,
,소금,0.15,,
,참기름,0.15,,
감자채햄볶음,"감자, 대지, 생것",52.5,볶음,한식
,"햄, 등심햄",30,,
,"파, 생것",2,,
,"간장, 개량, 양조",0.75,,
,콩기름,0.75,,
,"마늘, 생것",0.3,,
,소금,0,,
,참기름,0,,
감자표고조림,"감자, 대지, 생것",60,조림,한식
,"표고버섯, 참나무재배, 생것",15,,
,"간장, 개량, 양조",3.75,,
,콩기름,2.25,,
,"파, 생것",2.25,,
,물엿,1.5,,
,"마늘, 생것",0.3,,
,참기름,0.3,,
강된장찌개,두부,22.5,국,한식
,"된장, 개량",9,,
,"양파, 생것",7.5,,
,"큰느타리버섯(새송이버섯), 생것",7.5,,
,"호박, 애호박, 생것",7.5,,
,"고추장, 재래",4.5,,
,참기름,4.5,,
,"고추, 풋고추, 생것",3,,
,"멸치, 대멸치, 삶아서 말린것",3,,
,"마늘, 생것",2.25,,
건새우꽈리고추볶음,"고추, 꽈리고추, 생것",105,볶음,한식
,"새우 볶음, 말린것, 볶은것",11,,
,"간장, 재래",2,,
,물엿,2,,
,콩기름,2,,
,"깨소금, 가루, 볶은것",0.68,,
건새우마늘종볶음,마늘종 장아찌,37.5,볶음,한식
,"새우, 꽃새우, 삶아서 말린것",7.5,,
,"간장, 개량, 양조",1.5,,
,물엿,1.5,,
,참기름,1.5,,
,콩기름,1.5,,
,"파, 생것",1.5,,
,"마늘, 생것",0.75,,
,"깨소금, 가루, 볶은것",0.15,,
건새우무조림,"무, 조선무, 생것",105,조림,한식
,"새우, 꽃새우, 삶아서 말린것",10.5,,
,"간장, 개량, 양조",4.5,,
,물엿,1.5,,
,참기름,1.5,,
건새우뭇국,"무, 조선무, 생것",37.5,국,한식
,"새우, 중하, 삶아서 말린것",3,,
,"파, 생것",1.5,,
,"다시마, 말린것",0.75,,
,"마늘, 생것",0.75,,
,"멸치, 대멸치, 삶아서 말린것",0.75,,
,"소금, 천일염",0.75,,
건새우미역국,"미역, 말린것",4.5,국,한식
,"새우, 꽃새우, 삶아서 말린것",4.5,,
,참기름,2.25,,
,"간장, 재래",0.75,,
,"마늘, 생것",0.75,,
,소금,0.6,,
건파래볶음,"파래, 말린것",7.5,볶음,한식
,콩기름,2.25,,
,"간장, 개량, 양조",0.75,,
,참기름,0.3,,
,"참깨, 흰색, 볶은것",0.3,,
건파래자반,"파래, 말린것",4.5,볶음,한식
,"설탕, 백설탕",1.5,,
,"깨소금, 가루, 볶은것",0.75,,
,올리브유,0.75,,
,참기름,0.75,,
,"소금, 천일염",0.3,,
검은콩두유,"두유, 검은콩",200,우유(간식),한식
결명자차,"결명자차, 말린것",1,음료(간식),한식
고갈비,"고등어, 생것",105,반찬,한식
,"밀, 중력밀가루",7.5,,
,콩기름,3,,
,소금,0.3,,
고갈비구이,"고등어, 생것",90,구이,한식
,"양파, 생것",7.5,,
,"고추장, 재래",4.5,,
,"파, 생것",3,,
,"간장, 재래",1.5,,
,"밀, 중력밀가루",1.5,,
,콩기름,1.5,,
,"마늘, 생것",0.75,,
,물엿,0.75,,
고구마맛탕,"고구마, 분질(밤) 고구마, 생것",64,튀김,한식
,물엿,4.8,,
,"설탕, 가루",3.2,,
,콩기름,3.2,,
고구마순나물,"고구마, 줄기, 껍질 포함, 생것",90,샐러드,한식
,"간장, 개량, 양조",0.75,,
,참기름,0.75,,
,"마늘, 생것",0.45,,
,"파, 대파, 생것",0.45,,
,"참깨, 흰색, 볶은것",0.3,,
고등어구이,"고등어, 생것",60,구이,한식
,콩기름,1.5,,
,"소금, 천일염",0.75,,
고등어데리야끼구이,"고등어, 서해, 생것",60,구이,한식
,"간장, 개량, 양조",3,,
,콩기름,3,,
,물엿,2.25,,
,소금,0.15,,
,"후추, 검은색, 가루",0.15,,
고등어무조림,"고등어, 생것",45,조림,한식
,"무, 조선무, 생것",22.5,,
,"간장, 개량, 양조",3.75,,
,"설탕, 백설탕",3,,
,"마늘, 생것",1.5,,
,고춧가루,0.75,,
고등어시래기조림,"고등어, 생것",60,조림,한식
,"무청, 시래기, 말린것, 삶은것",22.5,,
,"간장, 개량, 양조",3.75,,
,"설탕, 백설탕",3,,
,"마늘, 생것",1.5,,
고등어양념구이,"고등어, 생것",75,구이,한식
,"파, 생것",11.25,,
,콩기름,4.5,,
,"청주, 알코올 16%",3,,
,"간장, 개량, 양조",1.2,,
,"마늘, 생것",1.2,,
,고춧가루,0.6,,
,참기름,0.45,,
,소금,0.3,,
,"후추, 검은색, 가루",0.3,,
고등어카레구이,"고등어, 서해, 생것",60,구이,한식
,"밀, 중력밀가루",3,,
,콩기름,3,,
,"카레 소스, 가루",1.5,,
,소금,0,,
고비나물,"고비, 야생, 말린것, 삶은것",67.5,샐러드,한식
,참기름,2.25,,
,"파, 생것",2.25,,
,"간장, 개량, 양조",0.75,,
,"마늘, 생것",0.3,,
,"참깨, 흰색, 볶은것",0.15,,
고사리나물,"고사리, 데친것",52.5,샐러드,한식
,참기름,2.25,,
,"파, 생것",2.25,,
,"간장, 개량, 양조",0.75,,
,"마늘, 생것",0.3,,
,"참깨, 흰색, 볶은것",0.15,,
고사리들깨나물,"고사리, 데친것",52.5,샐러드,한식
,"들깨, 말린것",4.5,,
,참기름,2.25,,
,"파, 생것",2.25,,
,"간장, 개량, 양조",0.75,,
,"마늘, 생것",0.3,,
,"참깨, 흰색, 볶은것",0.15,,
고사리들깨볶음,"고사리, 데친것",45,샐러드,한식
,콩기름,4.5,,
,"간장, 개량, 양조",1.5,,
,"들깨, 말린것",1.5,,
,"파, 대파, 생것",1.05,,
,"마늘, 생것",0.45,,
고사리들깨찜,"고사리, 데친것",105,찜,한식
,"들깨, 말린것",7.5,,
,"마늘, 생것",4.5,,
,"간장, 개량, 양조",3,,
,"파, 생것",3,,
,참기름,1.5,,
,"들깨, 볶은것",0.75,,
고추잡채꽃빵,"돼지고기, 등심, 생것",60,볶음,한식
,꽃빵,45,,
,"양파, 생것",7.5,,
,"파프리카, 빨간색, 생것",7.5,,
,"피망, 초록색, 생것",7.5,,
,굴 소스,4.5,,
,"설탕, 백설탕",1.5,,
,콩기름,1.5,,
,"마늘, 생것",0.75,,
,"후추, 검은색, 가루",0.15,,
고추장제육불고기,"돼지고기, 등심, 생것",90,볶음,한식
,"양파, 생것",15,,
,"당근, 뿌리, 생것",12,,
,콩기름,4.5,,
,"파, 생것",4.5,,
,"간장, 재래",3,,
,"마늘, 생것",3,,
,고춧가루,1.5,,
,물엿,1.5,,
,"발효주, 청주, 알코올 16%",1.5,,
,"설탕, 백설탕",1.2,,
,"생강, 뿌리줄기, 생것",0.3,,
고춧잎나물,"고춧잎, 생것",60,샐러드,한식
,"파, 대파, 생것",2.25,,
,"간장, 개량, 양조",0.75,,
,"마늘, 생것",0.75,,
,참기름,0.3,,
,소금,0.15,,
,"참깨, 흰색, 볶은것",0.15,,
곤드레나물,"고려엉겅퀴(곤드레), 재배, 말린것",7.5,샐러드,한식
,"파, 생것",2.25,,
,"간장, 재래",0.75,,
,"마늘, 생것",0.3,,
,참기름,0.3,,
,소금,0.15,,
,"참깨, 흰색, 볶은것",0.15,,
곤드레나물밥양념장,"멥쌀, 백미, 생것",64,일품밥,한식
,"고려엉겅퀴(곤드레), 말린것",,,
,"간장, 개량, 양조",8,,
,"파, 대파, 생것",0.8,,
,마늘 페이스트,0.48,,
,참기름,0.48,,
곤약어묵국,어묵,45,국,한식
,"곤약(구약나물), 판형, 생것",10.5,,
,"무, 조선무, 생것",10.5,,
,"쑥갓, 생것",10.5,,
,"파, 대파, 생것",4.5,,
,"멸치, 대멸치, 삶아서 말린것",3,,
,"간장, 재래",0.75,,
,소금,0.75,,
,"후추, 검은색, 가루",0.3,,
곰취된장국,"취나물, 곰취, 생것",78.75,국,한식
,"파, 생것",11.25,,
,"된장, 개량",6.75,,
,"멸치, 대멸치, 삶아서 말린것",4.5,,
,"마늘, 생것",1.2,,
,"다시마, 말린것",0.45,,
곶감,"감, 떫은감, 곶감, 반건시",50,과일(간식),한식
과일샐러드,"요구르트, 호상, 플레인",45,샐러드,한식
,"사과, 부사, 생것",22.5,,
,"참외, 생것, 씨 제거",22.5,,
,"토마토, 방울토마토, 생것",22.5,,
과일요거트샐러드,"사과, 부사, 생것",22.5,샐러드,한식
,"요구르트, 호상, 플레인",22.5,,
,"참외, 생것, 씨 제거",22.5,,
,"토마토, 방울토마토, 생것",22.5,,
,"포도, 건포도",3,,
,꿀,1.5,,
과일탕수육,"돼지고기, 등심, 생것",60,구이,한식
,"밀, 튀김가루",10.5,,
,"오렌지, 네블, 생것",4.5,,
,콩기름,4.5,,
,"파인애플, 생것",4.5,,
,"당근, 뿌리, 생것",3,,
,"양파, 생것",3,,
,오렌지 주스,3,,
,"전분, 감자, 가루",3,,
,"발효주, 청주, 알코올 16%",3,,
,토마토 케첩,3,,
,"간장, 개량, 양조",2,,
,"설탕, 백설탕",1.5,,
,"식초, 양조",1.5,,
,"피망, 초록색, 생것",1.5,,
,"마늘, 생것",0.75,,
,"생강, 뿌리줄기, 생것",0.75,,
,소금,0.15,,
,"후추, 검은색, 가루",0.15,,
과일화채,우유,150,과일(간식),한식
,"수박, 적육질, 생것",50,,
,"탄산 음료, 사이다",50,,
,"키위, 그린, 생것",30,,
군만두양념장,"만두, 고기 만두, 냉동",60,찜,한식
,"간장, 개량, 양조",2.25,,
,콩기름,1.5,,
,"파, 대파, 생것",1.5,,
,"마늘, 생것",0.75,,
,참기름,0.75,,
,"참깨, 흰색, 볶은것",0.15,,
궁중떡볶이,"멥쌀떡, 가래떡",60,볶음,한식
,"소고기, 한우(1등급), 양지(업진살), 생것",15,,
,"양파, 생것",15,,
,"간장, 개량, 양조",7.5,,
,"당근, 뿌리, 생것",7.5,,
,"표고버섯, 참나무재배, 생것",7.5,,
,"설탕, 백설탕",3,,
,참기름,1.5,,
,콩기름,1.5,,
,"마늘, 생것",0.75,,
,"깨소금, 가루, 볶은것",0.3,,
,"후추, 검은색, 가루",0.15,,
궁채들깨볶음,"마늘종, 꽃줄기, 생것",45,볶음,한식
,"들깨, 말린것",6.75,,
,"파, 생것",3.45,,
,"간장, 재래",0.45,,
,"마늘, 생것",0.45,,
,참기름,0.45,,
,소금,0.3,,
귤,"귤, 온주밀감, 궁천조생, 노지, 생것",100,과일(간식),한식
그린샐러드,"상추, 결구(양상추), 녹색, 생것",30,샐러드,한식
,"간장, 개량, 양조",7.5,,
,"식초, 사과식초",7.5,,
,올리브유,7.5,,
,"설탕, 백설탕",6,,
,"양배추, 적색, 생것",3,,
,"오이, 다다기, 생것",3,,
근대나물,"근대, 생것",45,샐러드,한식
,"된장, 개량",3,,
,"파, 생것",3,,
,물엿,1.5,,
,참기름,1.5,,
,"고추장, 개량",0.75,,
,"마늘, 생것",0.75,,
,"참깨, 흰색, 볶은것",0.15,,
근대된장국,"근대, 생것",52.5,국,한식
,"된장, 개량",6,,
,"파, 생것",4.5,,
,"멸치, 대멸치, 삶아서 말린것",3,,
,"마늘, 생것",0.75,,
근대된장나물,"근대, 생것",105,샐러드,한식
,"된장, 개량, 찌개용",3,,
,"마늘, 생것",1.5,,
,참기름,0.9,,
,"깨소금, 가루, 볶은것",0.6,,
,소금,0.3,,
김가루떡국,"멥쌀떡, 가래떡",60,국,한식
,"김, 조미김, 구운것",4.5,,
,"파, 생것",4.5,,
,"멸치, 대멸치, 삶아서 말린것",3,,
,"마늘, 생것",0.75,,
,소금,0.75,,
,"후추, 검은색, 가루",0.15,,
김가루쪽파무침,"김, 참김, 말린것",22.5,샐러드,한식
,"파, 쪽파, 생것",7.5,,
,참기름,2.25,,
,"마늘, 가루",0.75,,
,"간장, 개량, 양조",0.45,,
,물엿,0.45,,
,고춧가루,0.3,,
,"깨소금, 가루, 볶은것",0.3,,
,"멸치, 액젓",0.3,,
,소금,0.3,,
김구이양념장,"김, 김밥용김, 말린것",4.5,구이,한식
,"파, 대파, 생것",1.5,,
,"마늘, 생것",0.75,,
,"간장, 재래",0.45,,
,참기름,0.3,,
,고춧가루,0,,
,"깨소금, 가루, 볶은것",0,,
김달걀말이,"달걀, 생것",75,구이,한식
,콩기름,7.5,,
,"파, 생것",7.5,,
,"김, 김밥용김, 말린것",1.5,,
,소금,0.3,,
김치볶음밥,"멥쌀, 백미, 생것",80,일품밥,한식
,"김치, 배추 김치",32,,
,"양파, 생것",11.2,,
,"당근, 뿌리, 생것",9.6,,
,참기름,1.6,,
,"깨소금, 가루, 볶은것",0.32,,
김치콩나물국,"김치, 배추 김치",15,국,한식
,"콩나물, 생것",15,,
,"파, 생것",4.5,,
,"멸치, 대멸치, 삶아서 말린것",3,,
,"마늘, 생것",0.75,,
,소금,0.75,,
깍두기,"김치, 깍두기",30,김치,한식
깻순나물,"들깻잎, 생것",30,샐러드,한식
,"마늘, 생것",7.5,,
,들기름,3,,
,"참깨, 흰색, 볶은것",1.5,,
,"소금, 정제염",0.3,,
깻잎순나물,"들깻잎, 생것",30,샐러드,한식
,참기름,1.5,,
,"간장, 재래",0.75,,
,"참깨, 흰색, 볶은것",0.75,,
,"마늘, 생것",0.3,,
,소금,0.15,,
깻잎순나물볶음,"들깻잎, 생것",30,볶음,한식
,참기름,1.5,,
,"간장, 재래",0.75,,
,"참깨, 흰색, 볶은것",0.75,,
,"마늘, 생것",0.3,,
,소금,0.15,,
꽁치김치찜,"꽁치, 생것",105,김치,한식
,"김치, 배추 김치",30,,
,"양파, 생것",,,
,"간장, 개량, 양조",3,,
,"설탕, 백설탕",3,,
,"마늘, 생것",1.5,,
,"파, 생것",1.5,,
,"생강, 뿌리줄기, 생것",0.75,,
꽃게탕,"게, 꽃게, 생것",105,국,한식
,"양파, 생것",30,,
,"호박, 애호박, 생것",30,,
,"무, 조선무, 생것",18,,
,고춧가루,9,,
,"된장, 재래",9,,
,"마늘, 생것",9,,
,"쑥갓, 생것",9,,
,"파, 대파, 생것",9,,
,"고추, 빨간색, 생것",6,,
,"고추, 풋고추, 생것",6,,
,소금,3,,
꽃맛살샐러드,"게맛살, 어육함량이 낮은것",45,샐러드,한식
,"당근, 뿌리, 생것",7.5,,
,마요네즈,7.5,,
,"양파, 생것",7.5,,
,"피망, 초록색, 생것",7.5,,
꽃맛살콘샐러드,"게맛살, 어육함량이 낮은것",0,샐러드,한식
,"옥수수, 통조림, 가당",33.75,,
,"오이, 취청, 생것",22.5,,
,"당근, 뿌리, 생것",11,,
,마요네즈,6.75,,
,"설탕, 백설탕",2,,
,소금,0.23,,
꽈리고추멸치볶음,"고추, 꽈리고추, 생것",60,볶음,한식
,"멸치, 잔멸치, 삶아서 말린것",22.5,,
,"간장, 개량, 양조",3.6,,
,물엿,0.45,,
,콩기름,0.45,,
,참기름,0.15,,
,"참깨, 흰색, 볶은것",0.15,,
꽈리고추양념찜,"고추, 꽈리고추, 생것",105,찜,한식
,"밀, 중력밀가루",6.75,,
,"간장, 개량, 양조",4.5,,
,"파, 생것",3.38,,
,고춧가루,0.45,,
,"마늘, 생것",0.45,,
,참기름,0.45,,
꽈배기,"빵, 꽈배기",35,곡류(간식),한식
꽈베기,"빵, 꽈배기",80,곡류(간식),한식
꽈베기빵,"찹쌀빵, 찹쌀도넛",50,곡류(간식),한식
꿀호떡,"빵, 호떡빵",50,곡류(간식),한식
낙지볶음,"낙지, 생것",90,볶음,한식
,"양파, 생것",15,,
,"콩나물, 생것",15,,
,콩기름,6.75,,
,"간장, 개량, 양조",4.5,,
,"고추장, 개량",4.5,,
,"마늘, 생것",1.5,,
,참기름,1.5,,
,"파, 생것",1.5,,
,고춧가루,0.75,,
,"설탕, 백설탕",0.3,,
낙지채소볶음,"낙지, 세발낙지, 생것",97.5,볶음,한식
,"양배추, 생것",22.5,,
,"양파, 생것",7.5,,
,"호박, 애호박, 생것",7.5,,
,"고추장, 재래",4.5,,
,"당근, 뿌리, 생것",4.5,,
,"설탕, 백설탕",3.75,,
,고춧가루,3,,
,"마늘, 생것",3,,
,콩기름,3,,
,"파, 생것",3,,
,소금,0.75,,
,참기름,0.75,,
날치알달걀찜,"달걀, 생것",90,찜,한식
,"날치, 알, 생것",7.5,,
,"당근, 뿌리, 생것",7.5,,
,"양파, 생것",7.5,,
,참기름,7.5,,
,"파, 생것",3,,
,소금,0.75,,
냉모밀국수,"메밀 국수, 말린것",60,면,한식
,"무, 조선무, 생것",15,,
,"멸치, 대멸치, 삶아서 말린것",3,,
,"간장, 개량, 산분해",1.5,,
,"김, 참김, 말린것",1.5,,
,"다시마, 생것",1.5,,
,"멸치, 액젓",1.5,,
,"파, 실파, 생것",1.5,,
냉이된장국,"냉이, 생것",35,국,한식
,"된장, 개량",4,,
,"파, 생것",3,,
,"멸치, 대멸치, 삶아서 말린것",2,,
,"마늘, 생것",0.5,,
너비아니구이,"미트볼, 냉동",67.5,구이,한식
,콩기름,2.25,,
노각무침,"오이, 늙은오이, 생것",105,샐러드,한식
,"간장, 재래",6,,
,"파, 생것",4.5,,
,고춧가루,0.6,,
,"마늘, 생것",0.6,,
,참기름,0.6,,
,"참깨, 흰색, 볶은것",0.3,,
노각생채,"오이, 늙은오이, 생것",60,샐러드,한식
,"파, 생것",3,,
,"간장, 개량, 양조",1.5,,
,"고추장, 개량",1.5,,
,고춧가루,1.5,,
,"마늘, 생것",1.5,,
,"식초, 양조",1.5,,
,참기름,1.5,,
,소금,0.75,,
,"참깨, 흰색, 볶은것",0.75,,
노인시래기된장지짐,"무청, 시래기, 말린것, 삶은것",52.5,반찬,한식
,"된장, 개량",2.7,,
,"파, 생것",2.25,,
,"마늘, 생것",0.3,,
,참기름,0.3,,
녹두빈대떡,"고사리, 데친것",15,곡류(간식),한식
,"김치, 배추 김치",15,,
,"돼지고기, 살코기, 생것",15,,
,"밀, 부침가루",15,,
,비지,15,,
,"녹두 빈대떡, 가루",12,,
,"달걀, 생것",10.5,,
,콩기름,7.5,,
녹차,녹차,200,음료(간식),한식
느타리버섯무침,"느타리버섯, 생것",45,샐러드,한식
,참기름,3,,
,"파, 대파, 생것",1.5,,
,"깨소금, 가루, 볶은것",0.3,,
,소금,0.3,,
느타리버섯볶음,"느타리버섯, 생것",60,볶음,한식
,"파, 대파, 생것",4.5,,
,"간장, 개량, 양조",3,,
,콩기름,3,,
,"마늘, 생것",0.75,,
,참기름,0.3,,
,소금,0.15,,
,"참깨, 흰색, 볶은것",0.15,,
느타리피망볶음,"느타리버섯, 생것",75,볶음,한식
,"피망, 초록색, 생것",22.5,,
,콩기름,3.75,,
,참기름,1.5,,
,"참깨, 흰색, 볶은것",0.75,,
,"마늘, 생것",0.3,,
,소금,0.15,,
늙은호박조림,"호박, 늙은호박, 생것",60,조림,한식
,"간장, 개량, 양조",3,,
,물엿,3,,
,콩기름,2.25,,
,참기름,0.3,,
다시마감자국,"감자, 대지, 생것",60,국,한식
,"양파, 생것",15,,
,"멸치, 생것",4.5,,
,"간장, 재래",1.5,,
,"다시마, 말린것",1.5,,
,"파, 대파, 생것",1.5,,
,"마늘, 생것",0.75,,
,소금,0.6,,
다시마무채국,"무, 조선무, 생것",60,국,한식
,"양파, 생것",15,,
,"다시마, 생것",6,,
,"마늘, 생것",1.5,,
,"멸치, 대멸치, 삶아서 말린것",1.5,,
,"파, 생것",1.5,,
,소금,0.6,,
다시마무챗국,"무, 조선무, 생것",60,국,한식
,"다시마, 말린것",6,,
,"멸치, 대멸치, 삶아서 말린것",3,,
,마늘 페이스트,1.5,,
,"간장, 재래",0.9,,
다시마채뭇국,"무, 조선무, 생것",75,국,한식
,"파, 생것",9,,
,"다시마, 말린것",6,,
,"멸치, 대멸치, 삶아서 말린것",6,,
,"간장, 재래",1.5,,
,"마늘, 생것",1.5,,
,참기름,1.5,,
,소금,1.2,,
단감,"감, 단감, 생것",100,과일(간식),한식
단무지채무침,"무 절임, 단무지",52.5,샐러드,한식
,"설탕, 백설탕",1.5,,
,고춧가루,0.75,,
,"마늘, 생것",0.75,,
,"깨소금, 가루, 볶은것",0.3,,
,참기름,0.3,,
단배추나물,"배추, 얼갈이배추, 생것",105,샐러드,한식
,"마늘, 생것",1.5,,
,소금,1.5,,
,참기름,1.5,,
,"깨소금, 가루, 볶은것",0.75,,
단팥빵,"빵, 팥빵",60,곡류(간식),한식
단호박꿀찜,"호박, 단호박, 생것",100,찜,한식
,꿀,5,,
단호박범벅,"호박, 단호박, 생것",52.5,곡류(간식),한식
,우유,45,,
,"고구마, 분질(밤) 고구마, 생것",22.5,,
,"설탕, 백설탕",3,,
,"포도, 건포도",3,,
,버터,1.5,,
,"아몬드, 조미, 볶은것",1.5,,
,"호두, 볶은것",1.5,,
,소금,0.15,,
단호박샐러드,"호박, 단호박, 생것",52.5,샐러드,한식
,마요네즈,7.5,,
단호박영양밥양념장,"멥쌀, 백미, 생것",72,일품밥,한식
,"호박, 단호박, 생것",32,,
,"간장, 개량, 양조",8,,
,"찹쌀, 백미, 생것",8,,
,"표고버섯, 배지재배, 갓, 생것",8,,
,"대추, 생것",3.2,,
,"파, 대파, 생것",0.8,,
,마늘 페이스트,0.48,,
단호박찜,"호박, 단호박, 생것",100,찜,한식
단호박크림스프,우유,75,수프(간식),한식
,"호박, 단호박, 생것",52.5,,
,"크림, 휘핑, 동물성",10.5,,
,버터,6,,
,소금,0.3,,
,"후추, 검은색, 가루",0,,
단호박해물찜,"호박, 단호박, 생것",112.5,찜,한식
,"오징어, 생것",30,,
,"새우, 중하, 생것",22.5,,
,"담치, 참담치(홍합), 생것",13.5,,
,"간장, 개량, 양조",6.75,,
,"마늘, 생것",2.25,,
,"참깨, 흰색, 볶은것",1.5,,
,참기름,0.45,,
달걀실파국,"달걀, 생것",45,국,한식
,"파, 실파, 생것",7.5,,
,"멸치, 중멸치, 삶아서 말린것",6,,
,"다시마, 말린것",0.75,,
,"마늘, 생것",0.75,,
,소금,0.45,,
달걀장조림,"달걀, 생것",90,조림,한식
,"당근, 뿌리, 생것",21,,
,"간장, 재래",13.5,,
,"설탕, 백설탕",4.5,,
,물엿,3,,
달걀파국,"달걀, 생것",45,국,한식
,"파, 생것",4.5,,
,"멸치, 대멸치, 삶아서 말린것",3,,
,"마늘, 생것",0.75,,
,소금,0.75,,
,"후추, 검은색, 가루",0.15,,
달걀팟국,"달걀, 생것",45,국,한식
,"파, 생것",15,,
,"멸치, 대멸치, 삶아서 말린것",3,,
,"마늘, 생것",0.75,,
,소금,0.75,,
,"후추, 검은색, 가루",0.15,,
달걀후라이,"달걀, 생것",30,튀김,한식
,콩기름,1.5,,
달래된장국,"달래, 생것",52.5,국,한식
,"된장, 개량",11.25,,
,"파, 생것",4.5,,
,"멸치, 대멸치, 삶아서 말린것",3,,
,"마늘, 생것",0.75,,
달래된장찌개,"감자, 대지, 생것",30,국,한식
,두부,22.5,,
,"호박, 애호박, 생것",22.5,,
,"달래, 생것",15,,
,"양파, 생것",15,,
,"된장, 개량",6,,
,"파, 대파, 생것",4.5,,
,"다시마, 말린것",1.5,,
,"멸치, 대멸치, 삶아서 말린것",1.5,,
,"마늘, 생것",0.75,,
달래오이무침,"달래, 생것",15,샐러드,한식
,"설탕, 백설탕",7.5,,
,고춧가루,4.5,,
,"식초, 감식초",2.25,,
,"멸치, 액젓",0.75,,
,소금,0.75,,
,"생강, 뿌리줄기, 생것",0.45,,
닭가슴살피망볶음,"닭고기, 가슴, 생것",75,볶음,한식
,"피망, 초록색, 생것",30,,
,"양파, 생것",15,,
,"당근, 뿌리, 생것",7.5,,
,"마늘, 생것",3,,
,소금,3,,
,콩기름,3,,
,"참깨, 흰색, 말린것",1.5,,
,"후추, 검은색, 가루",1.5,,
닭가슴살피망조림,"닭고기, 가슴, 생것",90,조림,한식
,"피망, 초록색, 생것",11.25,,
,"피망, 빨간색, 생것",11.25,,
,"파, 생것",7.5,,
,"간장, 개량, 양조",4.5,,
,콩기름,3.75,,
,"마늘, 생것",1.5,,
,참기름,0.3,,
,"후추, 검은색, 가루",0.15,,
닭갈비,"닭고기, 가슴, 생것",90,볶음,한식
,"감자, 대지, 생것",15,,
,"양배추, 생것",15,,
,"양파, 생것",15,,
,"고추장, 개량",4.5,,
,"들깻잎, 생것",3.75,,
,물엿,3.75,,
,"파, 생것",3.75,,
,"간장, 개량, 양조",3,,
,콩기름,3,,
,"청주, 알코올 16%",2.25,,
,"마늘, 생것",0.75,,
,"후추, 검은색, 가루",0.07,,
닭강정,"밀, 강력밀가루",15,튀김,한식
,콩기름,15,,
,"달걀, 생것",7.5,,
,"전분, 감자, 가루",4.5,,
,토마토 케첩,4.5,,
,"고추장, 개량",3,,
,"마늘, 생것",1.5,,
,"설탕, 가루",0.3,,
,"설탕, 백설탕",0.3,,
,소금,0.3,,
,"후추, 검은색, 가루",0.15,,
닭개장,"닭고기, 성계, 생것",30,국,한식
,"배추, 생것",15,,
,"무, 조선무, 생것",12,,
,"숙주나물, 생것",12,,
,"고사리, 말린것",6,,
,"파, 생것",6,,
,"간장, 재래",3,,
,고춧가루,1.2,,
,"마늘, 생것",1.2,,
,소금,0.6,,
,참기름,0.3,,
닭곰탕,"닭고기, 성계, 생것",67.5,국,한식
,"파, 생것",4.5,,
,"마늘, 생것",0.75,,
,소금,0.75,,
,"후추, 검은색, 가루",0.15,,
닭다리백숙,"닭고기, 성계, 생것",67.5,국,한식
,"양파, 생것",4.5,,
,"파, 생것",4.5,,
,"마늘, 생것",3,,
,소금,0.75,,
닭볶음탕,"닭고기, 토종, 생것",90,볶음,한식
,"감자, 대지, 생것",15,,
,"간장, 개량, 양조",7.5,,
,"당근, 뿌리, 생것",7.5,,
,"양파, 생것",7.5,,
,"파, 생것",7.5,,
,"마늘, 생것",3,,
,"설탕, 백설탕",3,,
,참기름,3,,
,"고추장, 개량",1.5,,
,고춧가루,0.3,,
,"후추, 검은색, 가루",0.15,,
닭살감자조림,"닭고기, 살코기, 생것",60,조림,한식
,"감자, 대지, 생것",15,,
,"당근, 뿌리, 생것",15,,
,"간장, 개량, 양조",10.5,,
,"설탕, 백설탕",7.5,,
,올리브유,7.5,,
,"마늘, 생것",1.5,,
닭살고구마조림,"닭고기, 다리(넓적다리), 생것",75,조림,한식
,"고구마, 분질(밤) 고구마, 생것",22.5,,
,"양파, 생것",7.5,,
,"간장, 개량, 양조",4.5,,
,"당근, 뿌리, 생것",4.5,,
,"설탕, 백설탕",3,,
,"파, 대파, 생것",3,,
,"청주, 알코올 16%",1.5,,
,콩기름,1.5,,
,"마늘, 생것",1.05,,
,참기름,0.75,,
,"후추, 검은색, 가루",0.3,,
닭살굴소스볶음,"닭고기, 가슴, 생것",90,볶음,한식
,"당근, 뿌리, 생것",22.5,,
,"양파, 생것",22.5,,
,굴 소스,4.5,,
,콩기름,4.5,,
,"마늘, 생것",3,,
,"간장, 개량, 산분해",1.5,,
,물엿,0.75,,
,"생강, 뿌리줄기, 생것",0.3,,
,"후추, 검은색, 가루",0.3,,
닭살굴소스조림,"닭고기, 다리(넓적다리), 생것",75,조림,한식
,"당근, 뿌리, 생것",15,,
,"양파, 생것",15,,
,굴 소스,4.5,,
,"파, 생것",4.5,,
,콩기름,3,,
,"마늘, 생것",1.5,,
,참기름,0.75,,
,"후추, 검은색, 가루",0.15,,
닭살단호박조림,"닭고기, 다리(넓적다리), 생것",0,조림,한식
,"호박, 단호박, 생것",45,,
,"양파, 생것",,,
,"당근, 뿌리, 생것",4.5,,
,"간장, 재래",3.75,,
,"다시마, 말린것",3.75,,
,참기름,1.5,,
닭살데리야끼볶음,"닭고기, 가슴, 생것",75,볶음,한식
,"양파, 생것",15,,
,"당근, 뿌리, 생것",7.5,,
,데리야끼 소스,7.5,,
,콩기름,4.5,,
,"파, 생것",4.5,,
,"마늘, 생것",1.5,,
,맛술,1.5,,
,참기름,1.5,,
,"후추, 검은색, 가루",0.07,,
닭살데리야끼조림,"닭고기, 살코기, 생것",60,조림,한식
,"피망, 초록색, 생것",,,
,"당근, 뿌리, 생것",7.5,,
,"양파, 생것",7.5,,
,맛술,4.5,,
,물엿,4.5,,
,"설탕, 백설탕",3,,
,"간장, 개량, 양조",2.25,,
,"마늘, 생것",1.5,,
,참기름,1.5,,
,콩기름,1.5,,
,"파, 생것",1.5,,
,"참깨, 흰색, 볶은것",0.3,,
,"후추, 검은색, 가루",0.01,,
닭살두반장볶음,"닭고기, 토종, 살코기",90,볶음,한식
,"양파, 생것",22.5,,
,"피망, 초록색, 생것",22.5,,
,콩기름,4.5,,
,"간장, 재래",3,,
,"마늘, 깐마늘, 수입산, 생것",3,,
,"설탕, 가루",1.5,,
,참기름,1.5,,
,"발효주, 청주, 알코올 16%",1.5,,
,고춧가루,0.75,,
,소금,0.75,,
,"후추, 검은색, 가루",0.75,,
닭살버섯볶음,"닭고기, 가슴, 생것",90,볶음,한식
,"파, 생것",16.5,,
,"간장, 개량, 양조",10.5,,
,"느타리버섯, 생것",7.5,,
,"당근, 뿌리, 생것",7.5,,
,"양파, 생것",7.5,,
,"표고버섯, 배지재배, 대, 생것",7.5,,
,콩기름,5.25,,
,"마늘, 생것",3,,
,"후추, 검은색, 가루",0.3,,
닭살장조림,"닭고기, 다리(넓적다리), 생것",75,조림,한식
,"양파, 생것",15,,
,"간장, 개량, 양조",4.5,,
,물엿,3,,
,참기름,3,,
,"마늘, 생것",1.5,,
,"청주, 알코올 16%",1.5,,
,"후추, 검은색, 가루",0.15,,
닭살채소무침,"닭고기, 가슴, 생것",120,샐러드,한식
,"양배추, 생것",15,,
,"오이, 취청, 생것",15,,
,"당근, 뿌리, 생것",7.5,,
,"양파, 생것",7.5,,
,"간장, 재래",4.5,,
,"파, 생것",4.5,,
,"마늘, 생것",1.5,,
,참기름,0.75,,
,소금,0.15,,
,"후추, 검은색, 가루",0.15,,
닭살채소볶음,"닭고기, 가슴, 생것",105,볶음,한식
,"당근, 뿌리, 생것",10.5,,
,"양파, 생것",10.5,,
,"파, 대파, 생것",10.5,,
,콩기름,3.75,,
,"간장, 개량, 양조",2,,
,"마늘, 생것",1.5,,
,참기름,0.3,,
,"후추, 검은색, 가루",0,,
닭살카레볶음,"닭고기, 가슴, 생것",60,볶음,한식
,"카레 소스, 가루",12,,
,"양파, 생것",4.5,,
,콩기름,4.5,,
,"피망, 초록색, 생것",4.5,,
,"피망, 빨간색, 생것",4.5,,
,물엿,3,,
,"간장, 개량, 양조",1.95,,
,"청주, 알코올 16%",1.5,,
,"마늘, 생것",0.75,,
,"생강, 뿌리줄기, 생것",0.75,,
,참기름,0.75,,
,"후추, 검은색, 가루",0.75,,
닭살파프리카조림,"닭고기, 다리(넓적다리), 생것",60,조림,한식
,"파프리카, 노란색, 생것",7.5,,
,"파프리카, 빨간색, 생것",7.5,,
,"당근, 뿌리, 생것",4.5,,
,"간장, 개량, 양조",1.5,,
,"설탕, 백설탕",1.5,,
,참기름,1.5,,
,콩기름,1.5,,
,"마늘, 생것",0.75,,
닭살피망볶음,"닭고기, 성계, 생것",60,볶음,한식
,"양파, 생것",15,,
,"당근, 뿌리, 생것",7.5,,
,"피망, 빨간색, 생것",7.5,,
,"피망, 초록색, 생것",6,,
,콩기름,4.5,,
,"파, 생것",1.5,,
,"마늘, 생것",0.75,,
,소금,0.75,,
,"참깨, 흰색, 볶은것",0.3,,
,"후추, 검은색, 가루",0.15,,
닭살피망조림,"닭고기, 살코기, 생것",120,조림,한식
,"피망, 초록색, 생것",15,,
,"당근, 뿌리, 생것",7.5,,
,"양파, 생것",7.5,,
,"설탕, 백설탕",1.5,,
,"간장, 재래",0.75,,
,"마늘, 생것",0.75,,
,"후추, 검은색, 가루",0.15,,
닭칼국수,"칼국수면, 생것",67.5,면,한식
,"닭고기, 살코기, 생것",37.5,,
,"양파, 생것",10.5,,
,"파, 쪽파, 생것",10.5,,
,"멸치, 대멸치, 삶아서 말린것",3,,
,"다시마, 말린것",1.5,,
,소금,0.75,,
,참기름,0.75,,
대추차,"대추, 말린것",5,음료(간식),한식
,"설탕, 황설탕",2,,
도라지나물,"도라지, 뿌리, 생것",52.5,샐러드,한식
,콩기름,2,,
,"파, 생것",2,,
,"간장, 재래",0.75,,
,"마늘, 생것",0.3,,
,참기름,0.3,,
,소금,0,,
,"참깨, 흰색, 볶은것",0,,
도라지무침,"도라지, 뿌리, 생것",45,샐러드,한식
,"간장, 개량, 양조",1.5,,
,"고추장, 개량",1.5,,
,"설탕, 백설탕",1.5,,
,"파, 대파, 생것",1.5,,
,고춧가루,0.75,,
,"마늘, 생것",0.75,,
,"식초, 사과식초",0.3,,
도라지오이무침,"도라지, 뿌리, 생것",52.5,샐러드,한식
,"오이, 다다기, 생것",22.5,,
,"파, 생것",2.25,,
,"간장, 개량, 양조",1.5,,
,"고추장, 개량",1.5,,
,고춧가루,0.3,,
,"마늘, 생것",0.3,,
,"설탕, 백설탕",0.3,,
,"식초, 사과식초",0.15,,
도시락김,"김, 참김, 말린것",6,반찬,한식
도토리묵무침,도토리묵,97.5,샐러드,한식
,"상추, 잎상추, 치마상추, 적색, 생것",10.5,,
,"양파, 생것",10.5,,
,"당근, 뿌리, 생것",7.5,,
,"간장, 재래",4.5,,
,"파, 생것",2.25,,
,참기름,1.8,,
,고춧가루,0.3,,
,"마늘, 생것",0.3,,
,"참깨, 흰색, 볶은것",0.15,,
돈가스소스,"돼지고기, 등심, 생것",45,튀김,한식
,콩기름,15,,
,"달걀, 생것",7.5,,
,우스터 소스,7.5,,
,"밀, 빵가루",4.5,,
,"밀, 중력밀가루",4.5,,
,소금,0.3,,
,"후추, 검은색, 가루",0.15,,
돈갈비찜,"돼지고기, 갈비, 생것",90,찜,한식
,"당근, 뿌리, 생것",7.5,,
,"양파, 생것",7.5,,
,"간장, 개량, 양조",3,,
,"마늘, 생것",1.5,,
,"설탕, 백설탕",1.5,,
,"생강, 뿌리줄기, 생것",0.75,,
,"깨소금, 가루, 볶은것",0.3,,
,참기름,0.3,,
,"후추, 검은색, 가루",0.15,,
돈까스소스,"돼지고기, 등심, 생것",45,튀김,한식
,콩기름,15,,
,"달걀, 생것",7.5,,
,우스터 소스,7.5,,
,"밀, 빵가루",4.5,,
,"밀, 중력밀가루",4.5,,
,"소금, 정제염",0.3,,
,"후추, 검은색, 가루",0.15,,
돈등뼈감자탕,"돼지고기, 앞다리(앞다리살), 생것",30,국,한식
,"감자, 대지, 생것",15,,
,"배추, 가을 재배, 생것",15,,
,"된장, 개량, 찌개용",4.5,,
,"들깨, 말린것",4.5,,
,"마늘, 생것",4.5,,
,"들깻잎, 생것",3,,
,"파, 대파, 생것",3,,
,"간장, 개량, 양조",1.5,,
,맛술,1.5,,
,"생강, 뿌리줄기, 생것",1.5,,
,고춧가루,0.75,,
,소금,0.75,,
,"후추, 검은색, 가루",0.3,,
돼지고기간장구이,"돼지고기, 목심, 생것",52.5,구이,한식
,"청주, 알코올 16%",6,,
,"파, 대파, 생것",6,,
,콩기름,4.5,,
,"간장, 개량, 양조",3,,
,꿀,3,,
,"마늘, 생것",3,,
,맛술,3,,
,"설탕, 황설탕",3,,
,참기름,3,,
,"후추, 검은색, 가루",3,,
,"생강, 가루",1.5,,
돈목살양파볶음,"돼지고기, 목심, 생것",90,볶음,한식
,"양파, 생것",34.5,,
,콩기름,3,,
,"마늘, 생것",2.25,,
,소금,2.25,,
,"청주, 알코올 16%",1.05,,
,"후추, 검은색, 가루",0.15,,
돈불고기,"돼지고기, 뒷다리, 생것",90,볶음,한식
,"양배추, 생것",15,,
,"간장, 개량, 양조",7.5,,
,"당근, 뿌리, 생것",7.5,,
,"양파, 생것",7.5,,
,콩기름,4.5,,
,"파, 생것",4.5,,
,"마늘, 생것",2.25,,
,"설탕, 백설탕",0.75,,
,참기름,0.75,,
,"후추, 검은색, 가루",0.3,,
돈사태무조림,"돼지고기, 사태, 생것",90,조림,한식
,"무, 조선무, 생것",22.5,,
,"당근, 뿌리, 생것",7.5,,
,"양파, 생것",7.5,,
,"간장, 개량, 양조",6,,
,물엿,3,,
,"파, 대파, 생것",3,,
,"마늘, 생것",2.25,,
,맛술,1.5,,
,"설탕, 가루",1.5,,
,참기름,0.75,,
돈사태찜,"돼지고기, 갈비, 생것",60,찜,한식
,"양파, 생것",15,,
,"당근, 뿌리, 생것",7.5,,
,"간장, 개량, 양조",4.5,,
,"마늘, 생것",3,,
,맛술,3,,
,물엿,3,,
,"파, 생것",1.5,,
,참기름,0.75,,
,"후추, 검은색, 가루",0.15,,
돈삼겹수육,"돼지고기, 삼겹살(토시살), 생것",150,구이,한식
,"파, 생것",12,,
,"양파, 생것",6,,
,"마늘, 생것",4.5,,
,"생강, 뿌리줄기, 생것",4.5,,
,"된장, 개량",3,,
,"후추, 검은색, 가루",1.5,,
돈삼겹수육새우젓,"돼지고기, 삼겹살, 생것",90,구이,한식
,"새우, 젓새우, 젓갈",6,,
,"마늘, 생것",3,,
,"파, 생것",3,,
,"생강, 뿌리줄기, 생것",1.5,,
,"후추, 검은색, 가루",0.75,,
돈육가지볶음,"돼지고기, 뒷다리, 생것",90,볶음,한식
,"가지, 생것",22.5,,
,"당근, 뿌리, 생것",7.5,,
,"양파, 생것",7.5,,
,"간장, 개량, 양조",4.5,,
,맛술,3,,
,"설탕, 백설탕",2.25,,
,"마늘, 생것",1.5,,
,참기름,1.5,,
,콩기름,1.5,,
,"파, 생것",1.5,,
,"참깨, 흰색, 볶은것",0.75,,
,"후추, 검은색, 가루",0.01,,
돈육강정,"돼지고기, 안심, 생것",90,튀김,한식
,"달걀, 생것",7.5,,
,"밀, 튀김가루",7.5,,
,"고추장, 개량",4.5,,
,물엿,4.5,,
,콩기름,3,,
,토마토 케첩,3,,
,"마늘, 생것",1.5,,
,"설탕, 백설탕",1.5,,
,"소금, 천일염",0.45,,
,"후추, 검은색, 가루",0.15,,
돈육고추잡채꽃빵,"빵, 식빵",75,볶음,한식
,"돼지고기, 등심, 생것",60,,
,"고추, 풋고추, 생것",52.5,,
,"양파, 생것",7.5,,
,"파프리카, 노란색, 생것",7.5,,
,"간장, 재래",6,,
,콩기름,4.5,,
,"마늘, 생것",2,,
,참기름,0.6,,
,"참깨, 흰색, 볶은것",0.3,,
,"후추, 검은색, 가루",0.3,,
돈육김치찌개,생수,288,김치,한식
,"김치, 배추 김치",45,,
,두부,30,,
,"돼지고기, 등심, 생것",22.5,,
,"양파, 생것",7.5,,
,"파, 대파, 생것",4.5,,
,"간장, 재래",1.5,,
,"멸치, 대멸치, 삶아서 말린것",1.5,,
,"고추, 청양고추, 생것",0.75,,
,"마늘, 생것",0.75,,
,콩기름,0.75,,
,고춧가루,0.45,,
,소금,0.3,,
돈육김치찜,"돼지고기, 살코기, 생것",75,김치,한식
,"김치, 배추 김치",30,,
,"양파, 생것",7.5,,
,"청주, 알코올 16%",3,,
,"설탕, 백설탕",1.5,,
,"파, 생것",1.5,,
,"마늘, 생것",0.75,,
,"후추, 검은색, 가루",0.15,,
돈육꽈리고추조림,"돼지고기, 살코기, 생것",90,조림,한식
,"고추, 풋고추, 생것",37.5,,
,"설탕, 백설탕",6,,
,"간장, 개량, 양조",3,,
,"마늘, 생것",1.2,,
,참기름,0.45,,
,"후추, 검은색, 가루",0.3,,
돈육단호박찜,"돼지고기, 삼겹살(갈매기살), 생것",75,찜,한식
,"호박, 단호박, 생것",15,,
,"양파, 생것",7.5,,
,"피망, 초록색, 생것",7.5,,
,"간장, 개량, 양조",4.5,,
,물엿,3,,
,"파, 생것",3,,
,"마늘, 생것",1.5,,
,맛술,1.5,,
,참기름,0.75,,
,"후추, 검은색, 가루",0.15,,
돈육메알장조림,"돼지고기, 사태, 생것",75,조림,한식
,"메추리알, 생것",45,,
,"간장, 개량, 양조",15,,
,"설탕, 백설탕",6,,
,"청주, 알코올 16%",6,,
,참기름,0.6,,
,"후추, 검은색, 가루",0.3,,
,"마늘, 생것",0,,
돈육메알조림,"돼지고기, 사태, 생것",75,조림,한식
,"메추리알, 생것",45,,
,"간장, 개량, 양조",15,,
,"설탕, 백설탕",6,,
,"청주, 알코올 16%",6,,
,"마늘, 생것",1.5,,
,참기름,0.6,,
,"후추, 검은색, 가루",0.3,,
돈육메추리알장조림,"돼지고기, 사태, 생것",67.5,조림,한식
,"메추리알, 생것",22.5,,
,"간장, 개량, 양조",11.25,,
,"설탕, 백설탕",4.5,,
,"청주, 알코올 16%",4.5,,
,"마늘, 생것",2.25,,
,참기름,0.45,,
,"후추, 검은색, 가루",0.23,,
돈육메추리알조림,"돼지고기, 사태, 생것",45,조림,한식
,"메추리알, 생것",45,,
,"간장, 개량, 양조",7.5,,
,"설탕, 백설탕",7.5,,
,"청주, 알코올 16%",3,,
,"마늘, 생것",1.5,,
,참기름,1.5,,
,"후추, 검은색, 가루",0.15,,
돈육바베큐소스볶음,"돼지고기, 갈비, 생것",90,볶음,한식
,"고기 소스, 통조림",13.5,,
,"양파, 생것",13.5,,
,우스터 소스,6.75,,
,"양송이버섯, 생것",6.75,,
,"피망, 초록색, 생것",6.75,,
,소금,1.35,,
,콩기름,1.35,,
,"후추, 검은색, 가루",0.41,,
돈육바베큐소스조림,"돼지고기, 등심, 생것",75,조림,한식
,바비큐 소스,6.75,,
,토마토 케첩,4.5,,
,"마늘, 생것",2.25,,
,물엿,2.25,,
,맛술,1.5,,
,"설탕, 백설탕",1.5,,
,콩기름,1.5,,
,"생강, 뿌리줄기, 생것",0.75,,
,"후추, 검은색, 가루",0.15,,
돈육버섯볶음,"돼지고기, 등심, 생것",81,볶음,한식
,"애느타리버섯, 생것",11.25,,
,"양파, 생것",7.5,,
,"큰느타리버섯(새송이버섯), 생것",7.5,,
,"표고버섯, 참나무재배, 생것",6,,
,굴 소스,3,,
,"청주, 알코올 16%",3,,
,"마늘, 생것",1.5,,
,참기름,1.5,,
,콩기름,1.5,,
,소금,0.15,,
,"후추, 검은색, 가루",0.01,,
돈육버섯불고기,"돼지고기, 뒷다리, 생것",90,볶음,한식
,"표고버섯, 참나무재배, 생것",15,,
,"당근, 뿌리, 생것",11.25,,
,"양파, 생것",11.25,,
,"파, 대파, 생것",7.5,,
,"간장, 개량, 양조",4.5,,
,콩기름,3.75,,
,"마늘, 생것",1.5,,
,"설탕, 백설탕",0.75,,
,참기름,0.3,,
,"후추, 검은색, 가루",0.15,,
돈육숙주볶음,"돼지고기, 뒷다리, 생것",67.5,볶음,한식
,"숙주나물, 생것",15,,
,"당근, 뿌리, 생것",7.5,,
,"양파, 생것",7.5,,
,"간장, 개량, 양조",4.5,,
,맛술,3,,
,"설탕, 백설탕",2.25,,
,"마늘, 생것",1.5,,
,참기름,1.5,,
,콩기름,1.5,,
,"파, 생것",1.5,,
,"참깨, 흰색, 볶은것",0.75,,
,"후추, 검은색, 가루",0.01,,
돈육양파볶음,"돼지고기, 뒷다리, 생것",90,볶음,한식
,"양파, 생것",22.5,,
,"간장, 개량, 양조",4.5,,
,맛술,3,,
,"설탕, 백설탕",2.25,,
,"마늘, 생것",1.5,,
,참기름,1.5,,
,콩기름,1.5,,
,"파, 생것",1.5,,
,"참깨, 흰색, 볶은것",0.75,,
,"후추, 검은색, 가루",0.01,,
돈육장조림,"돼지고기, 살코기, 생것",0,조림,한식
,"양파, 생것",,,
,"간장, 개량, 양조",,,
,"마늘, 생것",3,,
,"생강, 뿌리줄기, 생것",3,,
,"설탕, 백설탕",3,,
,"후추, 검은색, 가루",0.3,,
돈육짜장밥,"멥쌀, 백미, 생것",65,일품밥,한식
,"돼지고기, 등심, 생것",30,,
,"감자, 대지, 생것",10,,
,"양배추, 생것",10,,
,"양파, 생것",10,,
,"짜장 소스, 레토르트",10,,
,콩기름,2.5,,
,"전분, 감자, 가루",2,,
,"후추, 검은색, 가루",0.1,,
돈육짜장볶음,"돼지고기, 목심, 생것",60,볶음,한식
,"양파, 생것",7.5,,
,"파, 생것",7.5,,
,"짜장 소스, 레토르트",4.5,,
,"마늘, 생것",1.5,,
,"설탕, 백설탕",0.75,,
,고춧가루,0.3,,
,참기름,0.3,,
,"후추, 검은색, 가루",0.15,,
돈육찹스테이크,"돼지고기, 안심, 생것",75,구이,한식
,"당근, 뿌리, 생것",22.5,,
,"파프리카, 노란색, 생것",22.5,,
,"파프리카, 초록색, 생것",22.5,,
,"양파, 생것",,,
,"파, 생것",7.5,,
,우스터 소스,4.5,,
,콩기름,4.5,,
,"마늘, 생것",1.5,,
,참기름,0.3,,
,"후추, 검은색, 가루",0,,
돈육통마늘볶음,"돼지고기, 등심, 생것",97.5,볶음,한식
,"마늘, 생것",12,,
,"간장, 개량, 양조",4.5,,
,콩기름,4.5,,
,"설탕, 백설탕",3,,
,"청주, 알코올 16%",3,,
,참기름,0.9,,
,소금,0.45,,
,"후추, 검은색, 가루",0.3,,
돈육파인애플볶음,"돼지고기, 삼겹살(삼겹살), 생것",45,볶음,한식
,"파인애플, 생것",15,,
,"간장, 개량, 양조",2.25,,
,콩기름,1.5,,
,"파, 생것",1.5,,
,"마늘, 생것",0.75,,
,참기름,0.3,,
,"후추, 검은색, 가루",0.15,,
돈육파채불고기,"돼지고기, 뒷다리, 생것",90,볶음,한식
,"파, 생것",37.5,,
,"당근, 뿌리, 생것",12,,
,"양파, 생것",12,,
,"간장, 개량, 양조",4.5,,
,"마늘, 생것",3,,
,"설탕, 백설탕",3,,
,콩기름,3,,
,참기름,1.5,,
,"후추, 검은색, 가루",0.75,,
돈육폭찹,"돼지고기, 살코기, 생것",67.5,구이,한식
,"양파, 생것",15,,
,"당근, 뿌리, 생것",7.5,,
,토마토 케첩,7.5,,
,"간장, 재래",2.25,,
,콩기름,2.25,,
,"마늘, 생것",1.5,,
,"설탕, 백설탕",1.5,,
,참기름,0.75,,
,"참깨, 흰색, 볶은것",0.3,,
,"생강, 뿌리줄기, 생것",0.15,,
,소금,0.15,,
,"후추, 검은색, 가루",0.01,,
돈장조림,"돼지고기, 살코기, 생것",90,조림,한식
,"양파, 생것",34.5,,
,"간장, 개량, 양조",9,,
,"마늘, 생것",3,,
,"생강, 뿌리줄기, 생것",3,,
,"설탕, 백설탕",3,,
,"후추, 검은색, 가루",0.3,,
돈채우엉볶음,"돼지고기, 안심, 생것",52.5,볶음,한식
,"우엉, 생것",22.5,,
,"간장, 개량, 양조",4.5,,
,"파, 생것",4.5,,
,콩기름,3,,
,"마늘, 생것",1.5,,
,참기름,0.75,,
,"청주, 알코올 16%",0.75,,
,"후추, 검은색, 가루",0,,
돈채파프리카볶음,"돼지고기, 등심, 생것",105,볶음,한식
,"파프리카, 빨간색, 생것",19.5,,
,"파프리카, 초록색, 생것",19.5,,
,"양파, 생것",10.5,,
,굴 소스,4.5,,
,콩기름,4.5,,
,"간장, 재래",3,,
,"설탕, 백설탕",1.5,,
,참기름,1.5,,
,"마늘, 생것",0.75,,
,"후추, 검은색, 가루",0.15,,
돈채피망볶음,"돼지고기, 등심, 생것",60,볶음,한식
,"피망, 초록색, 생것",15,,
,"피망, 빨간색, 생것",15,,
,"파, 생것",7.5,,
,"간장, 개량, 양조",4.5,,
,콩기름,3.75,,
,"마늘, 생것",1.5,,
,참기름,0.3,,
,"후추, 검은색, 가루",0.15,,
돌나물무침,"돌나물, 생것",105,샐러드,한식
,고춧가루,2.1,,
,"간장, 재래",1.5,,
,"마늘, 생것",1.5,,
,소금,1.5,,
,"깨소금, 가루, 볶은것",0.9,,
,"설탕, 가루",0.9,,
,"식초, 사과식초",0.9,,
,참기름,0.3,,
동그랑땡전,"돈저냐(동그랑땡), 냉동",67.5,전,한식
,"달걀, 생것",15,,
,콩기름,2.25,,
동치미국물,"김치, 동치미",100,반찬,한식
동태맑은국,"명태, 동태, 냉동",60,국,한식
,"무, 조선무, 생것",15,,
,"다시마, 말린것",3,,
,"멸치, 대멸치, 삶아서 말린것",3,,
,마늘 페이스트,1.5,,
,"간장, 재래",0.6,,
,소금,0.3,,
동태매운탕,"명태, 동태, 냉동",105,국,한식
,"무, 조선무, 생것",22.5,,
,"쑥갓, 생것",0.95,,
,"양파, 생것",0.95,,
,"파, 생것",11,,
,"고추장, 재래",6.75,,
,고춧가루,2,,
,"마늘, 생것",2,,
,"간장, 재래",1.2,,
동태무조림,"명태, 동태, 냉동",105,조림,한식
,"무, 조선무, 생것",52.5,,
,"양파, 생것",22.5,,
,"간장, 재래",7.5,,
,"고추장, 개량",4.5,,
,"파, 생것",4.5,,
,고춧가루,3,,
,"설탕, 백설탕",3,,
,"마늘, 생것",1.5,,
,물엿,1.5,,
,"생강, 뿌리줄기, 생것",1.5,,
,참기름,0.75,,
,"참깨, 흰색, 볶은것",0.75,,
,"후추, 검은색, 가루",0.15,,
동태쑥갓국,"명태, 동태, 냉동",67.5,국,한식
,"무, 조선무, 생것",22.5,,
,"콩나물, 생것",18,,
,"쑥갓, 생것",11.25,,
,"파, 생것",11.25,,
,"간장, 재래",6.75,,
,고춧가루,2.25,,
,"마늘, 생것",2.25,,
,소금,1.2,,
동태양념찜,"명태, 동태, 냉동",120,찜,한식
,"당근, 뿌리, 생것",15,,
,"양파, 생것",15,,
,"파, 생것",7.5,,
,"간장, 개량, 양조",3,,
,"마늘, 생것",3,,
,"설탕, 가루",1.5,,
,참기름,1.5,,
,"참깨, 흰색, 볶은것",0.3,,
,"후추, 검은색, 가루",0.15,,
동태엿장조림,"명태, 동태, 냉동",90,조림,한식
,"무, 조선무, 생것",15,,
,"간장, 개량, 양조",7.5,,
,물엿,7.5,,
,"파, 생것",7.5,,
,콩기름,6,,
,맛술,3,,
,"마늘, 생것",1.5,,
,"설탕, 백설탕",1.5,,
,참기름,1.5,,
,"참깨, 흰색, 볶은것",1.5,,
,"후추, 검은색, 가루",0.3,,
동태전양념장,"명태, 동태, 냉동",90,전,한식
,"달걀, 생것",15,,
,"밀, 부침가루",15,,
,"간장, 개량, 양조",7.5,,
,콩기름,6,,
,소금,0.75,,
,"후추, 검은색, 가루",0.15,,
동태찌개,"명태, 동태, 냉동",60,국,한식
,두부,30,,
,"무, 조선무, 생것",,,
,"콩나물, 생것",,,
,"양파, 생것",,,
,"호박, 애호박, 생것",,,
,"쑥갓, 생것",6,,
,"고추, 빨간색, 생것",3,,
,고춧가루,3,,
,"파, 대파, 생것",3,,
,마늘 페이스트,1.5,,
,생강 페이스트,1.5,,
,소금,0,,
,"간장, 재래",0.6,,
동태콩나물찜,"명태, 동태, 냉동",90,찜,한식
,"콩나물, 생것",45,,
,"미나리, 물미나리, 생것",,,
,"양파, 생것",,,
,"간장, 개량, 양조",7.5,,
,"설탕, 백설탕",7.5,,
,"파, 대파, 생것",7.5,,
,"고추장, 개량",4.5,,
,참기름,4.5,,
,고춧가루,2,,
,"후추, 검은색, 가루",0.75,,
동파육,"돼지고기, 사태, 생것",75,구이,한식
,"파, 생것",15,,
,"간장, 재래",6,,
,굴 소스,6,,
,"마늘, 생것",4.5,,
,"생강, 뿌리줄기, 생것",4.5,,
,물엿,3,,
,"설탕, 백설탕",3,,
,"후추, 검은색, 가루",1.5,,
두부구이,두부,67.5,구이,한식
,콩기름,4.5,,
,"소금, 정제염",3,,
두부김칫국,"김치, 배추 김치",30,국,한식
,두부,30,,
,"양파, 생것",7.5,,
,"파, 생것",4.5,,
,"멸치, 대멸치, 삶아서 말린것",1.5,,
,"다시마, 말린것",0.75,,
,"마늘, 생것",0.75,,
두부달걀구이,두부,90,구이,한식
,"달걀, 생것",30,,
,"밀, 중력밀가루",7.5,,
,콩기름,7.5,,
,소금,0.3,,
두부달걀부침,두부,0,구이,한식
,"달걀, 생것",45,,
,"전분, 감자, 가루",9,,
,콩기름,4.5,,
,소금,1.5,,
두부데리야끼조림,두부,90,조림,한식
,"간장, 개량, 양조",7.5,,
,콩기름,4.5,,
,"참깨, 검은색, 볶은것",1.5,,
,"파, 생것",1.5,,
,"마늘, 생것",0.75,,
두부된장국,두부,60,국,한식
,"된장, 개량",11.25,,
,"파, 생것",4.5,,
,"멸치, 대멸치, 삶아서 말린것",3,,
,"마늘, 생것",0.75,,
두부새우젓국,두부,60,국,한식
,"양파, 생것",22.5,,
,"파, 생것",4.5,,
,"마늘, 생것",0.75,,
,"새우, 젓갈, 토굴육젓",0.75,,
두부쑥갓무침,두부,75,샐러드,한식
,"쑥갓, 생것",30,,
,참기름,2.25,,
,"들깨, 말린것",0.75,,
,"파, 생것",0.75,,
,소금,0.45,,
두부양념조림,두부,60,조림,한식
,"간장, 개량, 양조",7.5,,
,"설탕, 백설탕",4.5,,
,"양파, 생것",4.5,,
,콩기름,4.5,,
,"마늘, 생것",3,,
,고춧가루,0.3,,
,참기름,0.3,,
두부탕국,두부,45,국,한식
,"무, 조선무, 생것",15,,
,"양파, 생것",15,,
,"파, 생것",7.5,,
,"마늘, 생것",3.75,,
,"멸치, 대멸치, 삶아서 말린것",1.5,,
,"소금, 정제염",1.5,,
,"간장, 재래",0.75,,
,"다시마, 말린것",0.75,,
두유,"두유, 대두",100,우유(간식),한식
둥굴레차,둥굴레차,100,음료(간식),한식
둥근호박조림,"호박, 애호박, 생것",105,조림,한식
,고춧가루,7.5,,
,"마늘, 생것",3,,
,"새우, 젓갈",3,,
,참기름,1.5,,
,"들깨, 볶은것",0.75,,
둥글레차,둥굴레차,100,음료(간식),한식
들기름막국수,"메밀 국수, 말린것",45,면,한식
,들기름,4.5,,
,"간장, 개량, 양조",3,,
,"설탕, 백설탕",3,,
,"파, 실파, 생것",3,,
,"참깨, 흰색, 볶은것",1.5,,
,"김, 조미김, 구운것",0.45,,
,"김, 조미김, 구운것",0.3,,
들기름미역국,들기름,6,국,한식
,"미역, 말린것",4.5,,
,"멸치, 대멸치, 삶아서 말린것",3,,
,"간장, 재래",1.35,,
,"마늘, 생것",1.35,,
,소금,1.05,,
들깨무나물,"무, 조선무, 생것",37.5,샐러드,한식
,참기름,2.25,,
,"파, 생것",2.25,,
,"들깨, 말린것",1.5,,
,"간장, 재래",0.75,,
,"마늘, 생것",0.3,,
,소금,0.15,,
들깨무채국,"무, 조선무, 생것",45,국,한식
,"간장, 개량, 양조",4.5,,
,"들깨, 볶은것",3,,
,"파, 대파, 생것",3,,
,"멸치, 대멸치, 삶아서 말린것",1.5,,
,"마늘, 생것",1.05,,
,"다시마, 말린것",0.75,,
,"소금, 정제염",0.3,,
들깨무챗국,"무, 조선무, 생것",45,국,한식
,"들깨, 말린것",4.5,,
,"멸치, 대멸치, 삶아서 말린것",1.5,,
,"마늘, 생것",0.75,,
,"소금, 천일염",0.75,,
,"파, 생것",0.75,,
들깨미역국,"들깨, 말린것",4.5,국,한식
,"미역, 말린것",4.5,,
,참기름,2.25,,
,"간장, 재래",0.75,,
,"마늘, 생것",0.75,,
,소금,0.6,,
들깨버섯국,"팽이버섯, 생것",22.5,국,한식
,"표고버섯, 배지재배, 대, 생것",22.5,,
,"들깨, 말린것",11.25,,
,"마늘, 생것",1.5,,
,"멸치, 잔멸치, 삶아서 말린것",1.5,,
,"파, 대파, 생것",1.5,,
,"간장, 재래",0.3,,
,"소금, 정제염",0.15,,
들깨수제비국,"밀, 중력밀가루",30,국,한식
,"양파, 생것",15,,
,"호박, 애호박, 생것",15,,
,"들깨, 볶은것",4.5,,
,"간장, 개량, 양조",3,,
,"파, 생것",1.5,,
,"마늘, 생것",0.75,,
,"멸치, 대멸치, 삶아서 말린것",0.75,,
,"다시마, 말린것",0.45,,
들깨칼국수,"칼국수면, 생것",,면,한식
,"감자, 대지, 생것",11.2,,
,"호박, 애호박, 생것",11.2,,
,"당근, 뿌리, 생것",8,,
,"멸치, 대멸치, 삶아서 말린것",3.2,,
,"다시마, 말린것",1.6,,
,"들깨, 말린것",0.8,,
,"새우, 보리새우, 생것",0.8,,
,소금,0.8,,
,"김, 둥근돌김, 말린것",0,,
등심돈까스소스,"돼지고기, 등심, 생것",45,튀김,한식
,콩기름,15,,
,"달걀, 생것",7.5,,
,우스터 소스,4.5,,
,"밀, 빵가루",4.5,,
,"밀, 중력밀가루",4.5,,
,소금,0.15,,
,"후추, 검은색, 가루",0.15,,
딸기,"딸기, 개량종, 생것",150,과일(간식),한식
땅콩샌드,"과자, 크래커, 땅콩샌드",30,곡류(간식),한식
떡갈비구이,"미트볼, 냉동",67.5,구이,한식
,콩기름,2.25,,
떡갈비조림,"미트볼, 냉동",67.5,조림,한식
,"양파, 생것",10.5,,
,"간장, 개량, 양조",3.75,,
,콩기름,2.25,,
,"설탕, 백설탕",1.5,,
,"마늘, 생것",0.75,,
,참기름,0.15,,
떡만둣국,"만두, 고기 만두, 냉동",57,국,한식
,"멥쌀떡, 가래떡",22.5,,
,"달걀, 생것",7.5,,
,"파, 생것",2.25,,
,"마늘, 생것",0.45,,
,소금,0.45,,
,"후추, 검은색, 가루",0.15,,
로제찜닭,"닭고기, 가슴, 생것",52.5,찜,한식
,토마토 소스,15,,
,"양송이버섯, 생것",10.5,,
,"양파, 생것",10.5,,
,올리브유,7.5,,
,"크림, 생크림",7.5,,
,"파프리카, 초록색, 생것",7.5,,
리코타치즈샐러드발사믹,"상추, 결구(양상추), 녹색, 생것",60,샐러드,한식
,"오이, 다다기, 생것",22.5,,
,"셀러리, 생것",,,
,"치즈, 리코타",,,
,"식초, 발사믹",7.5,,
마늘종건새우볶음,"마늘종, 꽃줄기, 생것",45,볶음,한식
,"새우, 꽃새우, 삶아서 말린것",15,,
,콩기름,4.5,,
,"간장, 개량, 양조",3,,
,물엿,1.5,,
마늘종맛살볶음,"게맛살, 어육함량이 낮은것",30,볶음,한식
,"마늘종, 꽃줄기, 생것",30,,
,"파, 생것",10.5,,
,콩기름,3.75,,
,"간장, 개량, 양조",3,,
,"마늘, 생것",2.25,,
,참기름,0.45,,
마늘종베이컨볶음,"마늘종, 꽃줄기, 생것",45,볶음,한식
,베이컨,22.5,,
,콩기름,3.75,,
,물엿,3,,
,"간장, 개량, 산분해",0.75,,
,"마늘, 생것",0.75,,
마늘종지무침,마늘종 장아찌,45,샐러드,한식
,"파, 생것",4.5,,
,고춧가루,0.6,,
,"마늘, 생것",0.6,,
,참기름,0.6,,
,"설탕, 백설탕",0.3,,
마늘종햄볶음,"마늘종, 꽃줄기, 생것",30,볶음,한식
,"햄, 프레스햄",30,,
,"파, 생것",10.5,,
,콩기름,3.75,,
,"간장, 개량, 양조",3,,
,"마늘, 생것",2.25,,
,참기름,0.45,,
마카로니샐러드,"오이, 취청, 생것",,샐러드,한식
,마요네즈,,,
,"마카로니, 말린것",10.5,,
,"당근, 뿌리, 생것",4.5,,
,"설탕, 백설탕",0.75,,
,"소금, 천일염",0.75,,
,"파슬리, 말린것",0,,
마카로니콘샐러드,"옥수수, 통조림, 가당",15,샐러드,한식
,"마카로니, 말린것",10.5,,
,마요네즈,9,,
,"당근, 뿌리, 생것",7.5,,
,"설탕, 백설탕",3,,
,"파슬리, 말린것",0.3,,
마파두부,두부,45,볶음,한식
,"돼지고기, 목심, 생것",22.5,,
,"파, 생것",7.5,,
,콩기름,3.75,,
,"전분, 감자, 가루",3,,
,"간장, 개량, 양조",1.5,,
,"고추장, 개량",1.5,,
,"된장, 개량",1.5,,
,"마늘, 생것",1.5,,
,"설탕, 백설탕",0.75,,
,"후추, 검은색, 가루",0.15,,
만두탕수소스,"만두, 고기 만두, 냉동",75,찜,한식
,콩기름,10.5,,
,"당근, 뿌리, 생것",7.5,,
,"양파, 생것",7.5,,
,"오이, 다다기, 생것",7.5,,
,"간장, 개량, 양조",4.5,,
,"전분, 감자, 가루",4.5,,
,"식초, 사과식초",3,,
,"설탕, 황설탕",0.3,,
,소금,0.3,,
만두탕수육,"만두, 고기 만두",60,구이,한식
,"당근, 뿌리, 생것",7.5,,
,"양파, 생것",7.5,,
,콩기름,7.5,,
,"파인애플, 생것",7.5,,
,"설탕, 백설탕",4.5,,
,"전분, 밀, 가루",3,,
,토마토 케첩,3,,
,"식초, 사과식초",2.25,,
,"간장, 재래",1.5,,
,"소금, 천일염",0.75,,
맑은콩나물국,"콩나물, 생것",22.5,국,한식
,"파, 생것",4.5,,
,"멸치, 대멸치, 삶아서 말린것",3,,
,"마늘, 생것",0.75,,
맛살곤약조림,"게맛살, 어육함량이 높은것",45,조림,한식
,"곤약(구약나물), 판형, 생것",22.5,,
,"간장, 개량, 양조",3.75,,
,"설탕, 백설탕",3,,
,"마늘, 생것",1.5,,
,참기름,0.3,,
,"후추, 검은색, 가루",0.15,,
맛살달걀찜,"달걀, 생것",90,찜,한식
,"게맛살, 어육함량이 낮은것",22.5,,
,"후추, 검은색, 가루",0.3,,
맛살마늘종볶음,"게맛살, 어육함량이 높은것",30,볶음,한식
,"마늘종, 꽃줄기, 생것",30,,
,"양파, 생것",15,,
,"파, 생것",10.5,,
,콩기름,4.5,,
,"간장, 개량, 양조",3,,
,"마늘, 생것",2,,
,참기름,0.45,,
맛살브로콜리볶음,"브로콜리, 생것",52.5,볶음,한식
,"감자, 대지, 생것",30,,
,"게맛살, 어육함량이 높은것",22.5,,
,"파, 생것",2.25,,
,"간장, 개량, 양조",0.9,,
,"마늘, 생것",0.75,,
,콩기름,0.75,,
,소금,0.15,,
,참기름,0.15,,
맛살오이냉채,"게맛살, 어육함량이 낮은것",37.5,샐러드,한식
,"오이, 다다기, 생것",18,,
,"당근, 뿌리, 생것",7.5,,
,물엿,1.5,,
,"식초, 사과식초",1.5,,
,겨자 페이스트,0.75,,
,"깨소금, 가루, 볶은것",0.15,,
맛살오이무침,"오이, 다다기, 생것",52.5,샐러드,한식
,"게맛살, 어육함량이 낮은것",22.5,,
,"양파, 생것",22.5,,
,참기름,2.25,,
,"간장, 재래",1.5,,
,"고추장, 개량",1.5,,
,"설탕, 백설탕",1.5,,
,"식초, 사과식초",1.5,,
,"마늘, 생것",0.75,,
,고춧가루,0.45,,
,소금,0.3,,
,"참깨, 흰색, 볶은것",0.3,,
맛살콩나물무침,"콩나물, 생것",22.5,샐러드,한식
,"게맛살, 어육함량이 낮은것",7.5,,
,"파, 생것",2.25,,
,"간장, 재래",0.75,,
,"마늘, 생것",0.3,,
,참기름,0.3,,
,소금,0.15,,
맛살파프리카볶음,"게맛살, 어육함량이 낮은것",37.5,볶음,한식
,"미니파프리카, 주황색, 생것",27,,
,"양파, 생것",7.5,,
,"파, 생것",7.5,,
,"간장, 개량, 양조",3,,
,"설탕, 백설탕",3,,
,"마늘, 생것",1.5,,
,콩기름,1.5,,
,"참깨, 흰색, 볶은것",0.45,,
,참기름,0.3,,
맛살팽이버섯볶음,"게맛살, 어육함량이 낮은것",45,볶음,한식
,"팽이버섯, 생것",30,,
,"양파, 생것",15,,
,"파, 생것",4.5,,
,콩기름,1.5,,
,소금,0.6,,
,참기름,0.6,,
,"참깨, 흰색, 볶은것",0.3,,
맛살팽이버섯전,"게맛살, 어육함량이 낮은것",45,전,한식
,"달걀, 생것",45,,
,"밀, 부침가루",15,,
,"팽이버섯, 생것",15,,
,"피망, 초록색, 생것",7.5,,
,콩기름,3,,
맛살팽이전,"게맛살, 어육함량이 낮은것",30,전,한식
,"달걀, 생것",30,,
,"밀, 부침가루",15,,
,"팽이버섯, 생것",15,,
,"당근, 뿌리, 생것",4.5,,
,콩기름,3,,
맛살피망볶음,"게맛살, 어육함량이 낮은것",67.5,볶음,한식
,"피망, 초록색, 생것",30,,
,"양파, 생것",15,,
,"간장, 개량, 양조",7.5,,
,콩기름,1.05,,
,"마늘, 생것",0.75,,
,참기름,0.3,,
매생이굴국,"매생이, 생것",60,국,한식
,"굴, 석굴, 생것",30,,
,"멸치, 대멸치, 삶아서 말린것",3,,
,"다시마, 말린것",1.5,,
,들기름,1.5,,
,"간장, 재래",0.9,,
매생이떡국,"멥쌀떡, 가래떡",75,국,한식
,"매생이, 생것",22.5,,
,"멸치, 대멸치, 삶아서 말린것",6,,
,"간장, 재래",1.5,,
,소금,0.75,,
매실차,매실 음료,100,음료(간식),한식
머위대나물,"머위, 생것",30,샐러드,한식
,"양파, 생것",7.5,,
,"파, 대파, 생것",4.5,,
,"간장, 개량, 양조",3,,
,들기름,1.5,,
,"들깨, 말린것",1.5,,
,"설탕, 백설탕",1.5,,
,"마늘, 생것",0.75,,
,소금,0.75,,
,콩기름,0.75,,
머핀,"빵, 머핀, 우유",50,곡류(간식),한식
메론,"멜론, 머스크, 생것",50,과일(간식),한식
메추리알표고조림,"메추리알, 생것",75,조림,한식
,"표고버섯, 배지재배, 생것",15,,
,"간장, 개량, 양조",7.5,,
,"설탕, 백설탕",3,,
,"마늘, 생것",2.25,,
,물엿,1.5,,
,참기름,1.5,,
멘치까스양파크림소스,"돼지고기, 등심, 생것",60,반찬,한식
,"양파, 생것",15,,
,우유,15,,
,"크림, 휘핑, 동물성",15,,
,"달걀, 생것",7.5,,
,올리브유,7.5,,
,콩기름,7.5,,
,"피망, 초록색, 생것",7.5,,
,"밀, 빵가루",4.5,,
,"밀, 중력밀가루",4.5,,
,"양송이버섯, 생것",3,,
,"마늘, 생것",0.75,,
,소금,0.75,,
,"후추, 검은색, 가루",0.3,,
멸치호두볶음,"멸치, 잔멸치, 삶아서 말린것",7.5,볶음,한식
,"호두, 볶은것",5,,
,콩기름,2,,
,"간장, 개량, 양조",1.5,,
,물엿,0.5,,
,"마늘, 생것",0.2,,
,참기름,0.1,,
모닝빵,"빵, 모닝빵",50,곡류(간식),한식
모닝빵샌드위치,"빵, 모닝빵",30,곡류(간식),한식
,"상추, 결구(양상추), 녹색, 생것",10,,
,"치즈, 체다",10,,
,"토마토, 생것",10,,
,마요네즈,5,,
,"오이, 다다기, 생것",5,,
,"햄, 슬라이스햄",5,,
모둠버섯전골,두부,30,국,한식
,"팽이버섯, 생것",30,,
,"표고버섯, 참나무재배, 생것",30,,
,"파, 대파, 생것",3,,
,"다시마, 말린것",1.5,,
,"마늘, 생것",1.5,,
,"간장, 재래",0.9,,
모듬쌈쌈장,"들깻잎, 생것",22.5,샐러드,한식
,"상추, 잎상추, 치마상추, 적색, 생것",22.5,,
,쌈장,4.5,,
모듬쌈채소쌈장,"들깻잎, 생것",30,샐러드,한식
,"상추, 잎상추, 치마상추, 적색, 생것",30,,
,쌈장,,,
모듬어묵국,어묵,37.5,국,한식
,"무, 조선무, 생것",18.75,,
,"파, 생것",11.25,,
,"멸치, 대멸치, 삶아서 말린것",4.5,,
,"간장, 재래",1.2,,
,"마늘, 생것",1.2,,
,소금,0.9,,
모듬어묵탕,어묵,60,국,한식
,"무, 조선무, 생것",10.5,,
,"쑥갓, 생것",10.5,,
,"파, 생것",4.5,,
,"멸치, 대멸치, 삶아서 말린것",3,,
,"간장, 재래",1.5,,
,소금,0.6,,
,"후추, 검은색, 가루",0.15,,
모듬장조림,"소고기, 한우(1등급), 사태(앞사태), 생것",30,조림,한식
,"메추리알, 생것",20,,
,"양파, 생것",15,,
,"표고버섯, 참나무재배, 생것",15,,
,"간장, 개량, 양조",13,,
,"당근, 뿌리, 생것",5,,
,"마늘, 생것",5,,
,"설탕, 백설탕",4,,
,"멸치, 대멸치, 삶아서 말린것",3.5,,
,"생강, 뿌리줄기, 생것",3,,
,"후추, 검은색, 가루",1,,
무나물,"무, 조선무, 생것",37.5,샐러드,한식
,참기름,2,,
,"파, 생것",2,,
,"간장, 재래",0.75,,
,"마늘, 생것",0.3,,
,소금,0,,
,"참깨, 흰색, 볶은것",0,,
무생채,"무, 조선무, 생것",60,샐러드,한식
,"파, 대파, 생것",3,,
,고춧가루,0.75,,
,"마늘, 생것",0.75,,
,소금,0.75,,
,"식초, 사과식초",0.75,,
,"설탕, 백설탕",0.45,,
무지개떡,"멥쌀떡, 무지개떡",60,곡류(간식),한식
무채된장국,"무, 조선무, 생것",52.5,국,한식
,"된장, 개량",6,,
,"파, 생것",4.5,,
,"멸치, 대멸치, 삶아서 말린것",3,,
,"마늘, 생것",0.75,,
무채들깨국,"무, 조선무, 생것",30,국,한식
,"들깨, 말린것",4.5,,
,"멸치, 중멸치, 삶아서 말린것",1.5,,
,"다시마, 말린것",0.75,,
,"파, 쪽파, 생것",0.45,,
,소금,0.3,,
무초절임,"무, 조선무, 생것",22.5,샐러드,한식
,"설탕, 백설탕",3,,
,소금,3,,
,"식초, 사과식초",3,,
물만두,"만두, 고기 만두, 냉동",30,찜,한식
,"파, 생것",15,,
,"간장, 재래",6,,
,"마늘, 생것",5,,
,참기름,2.5,,
,"참깨, 흰색, 볶은것",0.5,,
물만두보리차,보리차,100,찜,한식
,"만두, 물만두",80,,
물만두양념장,"만두, 고기 만두, 냉동",50,찜,한식
,"파, 생것",1.5,,
,"간장, 재래",1,,
,"마늘, 생것",0.2,,
,참기름,0.2,,
,"참깨, 흰색, 볶은것",0.1,,
물만둣국,"만두, 물만두",60,국,한식
,"달걀, 생것",7.5,,
,"파, 생것",4.5,,
,"멸치, 대멸치, 삶아서 말린것",3,,
,"다시마, 말린것",1.5,,
,"마늘, 생것",0.75,,
,소금,0.75,,
,"후추, 검은색, 가루",0.15,,
물미역초무침,"미역, 양식, 생것",22.5,샐러드,한식
,"파, 생것",2.25,,
,"마늘, 생것",0.3,,
,"식초, 사과식초",0.3,,
,"설탕, 백설탕",0.15,,
,소금,0.15,,
물파래새우전,"새우 튀김용, 냉동",52.5,전,한식
,"밀, 부침가루",22.5,,
,"파래, 생것",15,,
,"양파, 생것",4.5,,
,콩기름,4.5,,
,"소금, 천일염, 소금꽃",0.15,,
미나리무생채,"무, 조선무, 생것",52.5,샐러드,한식
,"미나리, 물미나리, 생것",52.5,,
,"식초, 양조",3,,
,"설탕, 백설탕",1.5,,
,"마늘, 생것",0.75,,
,참기름,0.45,,
,"참깨, 흰색, 볶은것",0.45,,
,소금,0.3,,
미나리초무침,"미나리, 물미나리, 생것",90,샐러드,한식
,"고추장, 개량",3,,
,물엿,3,,
,소금,3,,
,"식초, 사과식초",3,,
,"파, 대파, 생것",3,,
,"마늘, 생것",1.5,,
,"깨소금, 가루, 볶은것",0.3,,
,참기름,0.3,,
미니새송이버섯볶음,"송이버섯, 생것",45,볶음,한식
,참기름,3,,
,콩기름,3,,
,"파, 대파, 생것",1.5,,
,"깨소금, 가루, 볶은것",0.9,,
,소금,0.3,,
미니새송이버섯조림,"큰느타리버섯(새송이버섯), 생것",45,조림,한식
,"양파, 생것",15,,
,"간장, 개량, 양조",3,,
,"마늘, 생것",1.5,,
,"설탕, 백설탕",1.5,,
,콩기름,1.5,,
,참기름,0.6,,
,"깨소금, 가루, 볶은것",0.3,,
미니새송이조림,"큰느타리버섯(새송이버섯), 생것",37.5,조림,한식
,"간장, 재래",7.5,,
,"당근, 뿌리, 생것",7.5,,
,"양파, 생것",7.5,,
,"설탕, 백설탕",4.5,,
,"마늘, 생것",1.5,,
,물엿,1.5,,
,참기름,0.75,,
,콩기름,0.75,,
,"참깨, 흰색, 볶은것",0.3,,
,"후추, 검은색, 가루",0.3,,
미니약과,"과자, 약과",45,곡류(간식),한식
미니와플,"밀, 팬케이크가루",20,곡류(간식),한식
,"달걀, 생것",7,,
,우유,7,,
,버터,2,,
미소된장국,두부,30,국,한식
,"파, 생것",4.5,,
,미소,3,,
,"다시마, 말린것",1.5,,
,"멸치, 중멸치, 삶아서 말린것",1.5,,
,"마늘, 생것",0.75,,
미소장국,두부,15,국,한식
,미소,3,,
,"다시마, 말린것",1.5,,
,"멸치, 대멸치, 삶아서 말린것",1.5,,
,"미역, 말린것",1.5,,
,"파, 생것",1.5,,
미숫가루,"미숫가루, 혼합곡물",9,음료(간식),한식
,"설탕, 백설탕",3.75,,
미숫가루우유,우유,150,우유(간식),한식
,"미숫가루, 혼합곡물",10,,
미역된장국,두부,22.5,국,한식
,"된장, 개량",10.5,,
,"미역, 말린것",4.5,,
,"멸치, 대멸치, 삶아서 말린것",3,,
,"다시마, 말린것",1.5,,
,"마늘, 생것",1.5,,
미역줄기볶음,"미역, 줄기, 생것",160.5,볶음,한식
,"간장, 개량, 양조",7.5,,
,콩기름,1.05,,
,소금,0.9,,
,"마늘, 생것",0.75,,
,"참깨, 흰색, 볶은것",0.45,,
,참기름,0.3,,
미트볼조림,"돼지고기, 뒷다리(볼기살), 생것",30,조림,한식
,"소고기, 한우(1등급), 등심, 생것",30,,
,"양파, 생것",15,,
,"밀, 빵가루",7.5,,
,"간장, 개량, 양조",3.75,,
,콩기름,2.25,,
,"마늘, 생것",1.5,,
,"소금, 정제염",0.75,,
,"후추, 검은색, 가루",0.15,,
미트볼케찹조림,"돼지고기, 등심, 생것",60,조림,한식
,토마토 케첩,10.5,,
,"양파, 생것",3,,
,"설탕, 백설탕",2.25,,
,"밀, 빵가루",1.5,,
,콩기름,1.5,,
,"피망, 초록색, 생것",1.5,,
,"간장, 개량, 산분해",0.75,,
,"마늘, 생것",0.75,,
,"생강, 뿌리줄기, 생것",0.53,,
,소금,0,,
,"후추, 검은색, 가루",0,,
미트볼토마토소스조림,"미트볼, 냉동",67.5,조림,한식
,"양파, 생것",15,,
,토마토 소스,7.5,,
,콩기름,2.25,,
,"마늘, 생것",1.5,,
,"후추, 검은색, 가루",0.15,,
바나나,"바나나, 생것",70,과일(간식),한식
바람떡,"멥쌀떡, 개피떡(바람떡)",60,곡류(간식),한식
바지락맑은국,"바지락, 통조림",60,국,한식
,"파, 생것",4.5,,
,"마늘, 생것",0.75,,
,소금,0.75,,
바지락미역국,생수,190,국,한식
,"바지락, 생것",20,,
,"미역, 말린것",3,,
,참기름,1.5,,
,"간장, 재래",1,,
,"마늘, 생것",0.5,,
,소금,0.1,,
바지락살맑은국,"바지락, 생것",60,국,한식
,"양파, 생것",30,,
,"멸치, 대멸치, 삶아서 말린것",7.5,,
,"마늘, 생것",0.75,,
,소금,0.75,,
,"다시마, 말린것",0.45,,
바지락칼국수,"칼국수면, 생것",7.5,면,한식
,"바지락, 양식, 생것",45,,
,"당근, 뿌리, 생것",15,,
,"호박, 애호박, 생것",15,,
,"파, 생것",4.5,,
,"멸치, 대멸치, 삶아서 말린것",3,,
,"마늘, 생것",0.75,,
,소금,0.75,,
,"후추, 검은색, 가루",0,,
밥새우볶음,"새우, 중하, 삶아서 말린것",16.95,볶음,한식
,콩기름,1.2,,
,"간장, 개량, 양조",0.45,,
,"설탕, 백설탕",0.45,,
,참기름,0.3,,
,"참깨, 흰색, 볶은것",0.3,,
방아잎나물,"배초향(방아), 잎, 생것",15,샐러드,한식
,"간장, 개량, 양조",4.5,,
,참기름,2.25,,
,"파, 생것",2.25,,
,"마늘, 생것",1.5,,
,"참깨, 흰색, 볶은것",0.75,,
방어구이,"방어, 생것",105,구이,한식
,"밀, 강력밀가루",7.5,,
,콩기름,7.5,,
,"소금, 굵은소금",1.5,,
방풍나물무침,"갯기름나물, 하우스, 생것",52.5,샐러드,한식
,"파, 생것",2.25,,
,"간장, 재래",0.75,,
,"마늘, 생것",0.3,,
,참기름,0.3,,
,소금,0.15,,
,"참깨, 흰색, 볶은것",0.15,,
배,"배, 생것",110,과일(간식),한식
배추김치,"김치, 배추 김치",50,김치,한식
배추나물,"배추, 생것",52.5,샐러드,한식
,"마늘, 생것",0.75,,
,참기름,0.75,,
,소금,0.45,,
,"참깨, 흰색, 볶은것",0.45,,
배추된장국,"배추, 생것",30,국,한식
,"된장, 개량",11,,
,"파, 생것",4.5,,
,"멸치, 대멸치, 삶아서 말린것",3,,
,"마늘, 생것",0.75,,
배추된장나물,"배추, 가을 재배, 생것",52.5,샐러드,한식
,"된장, 재래",3,,
,"파, 대파, 생것",3,,
,참기름,1.5,,
,"마늘, 생것",0.75,,
,"참깨, 흰색, 볶은것",0.75,,
백미밥,"멥쌀, 백미, 생것",80,밥,한식
백설기,"멥쌀떡, 백설기",60,곡류(간식),한식
버섯된장국,"느타리버섯, 생것",22.5,국,한식
,"된장, 개량",11.25,,
,"파, 생것",4.5,,
,"멸치, 대멸치, 삶아서 말린것",3,,
,"마늘, 생것",0.75,,
버섯된장찌개,두부,45,국,한식
,"느타리버섯, 생것",15,,
,"양파, 생것",15,,
,"된장, 개량",7.5,,
,멸치 육수,3,,
,"파, 생것",3,,
,"다시마, 말린것",1.5,,
,"마늘, 생것",0.75,,
버섯들깨국,생수,321,국,한식
,"느타리버섯, 생것",30,,
,"표고버섯, 배지재배, 생것",30,,
,"무, 조선무, 생것",15,,
,"양파, 생것",15,,
,"들깨, 말린것",7.5,,
,"큰느타리버섯(새송이버섯), 생것",7.5,,
,"파, 대파, 생것",7.5,,
,"팽이버섯, 생것",7.5,,
,"멸치, 대멸치, 삶아서 말린것",3,,
,"간장, 재래",1.5,,
,"마늘, 생것",1.5,,
,"고추, 빨간색, 생것",0.75,,
,소금,0.75,,
,"다시마, 말린것",0.3,,
버섯들깨탕,"느타리버섯, 생것",22.5,국,한식
,"들깨, 말린것",7.5,,
,"간장, 재래",4.5,,
,"파, 생것",4.5,,
,"멸치, 대멸치, 삶아서 말린것",3,,
,"마늘, 생것",0.75,,
,참기름,0.3,,
,소금,0.15,,
버섯맑은국,"무, 조선무, 생것",20,국,한식
,"표고버섯, 참나무재배, 생것",16,,
,"느타리버섯, 생것",14,,
,"다시마, 말린것",3,,
,"멸치, 대멸치, 삶아서 말린것",2,,
,참기름,2,,
,"파, 대파, 생것",2,,
,마늘 페이스트,1,,
버섯순두부찌개,"두부, 순두부",150,국,한식
,"애느타리버섯, 생것",30,,
,"달걀, 생것",15,,
,"양파, 생것",10.5,,
,"파, 생것",4.5,,
,"멸치, 대멸치, 삶아서 말린것",3,,
,"마늘, 생것",0.75,,
,고춧가루,0.3,,
,소금,0.3,,
,참기름,0.3,,
,"후추, 검은색, 가루",0.15,,
버섯영양밥양념장,"멥쌀, 백미, 생것",105,일품밥,한식
,"느타리버섯, 생것",15,,
,"당근, 뿌리, 생것",15,,
,"팽이버섯, 생것",15,,
,"표고버섯, 배지재배, 갓, 생것",15,,
,"간장, 재래",6,,
,참기름,4.5,,
,"다시마, 생것",3,,
,"파, 생것",2.1,,
,"설탕, 가루",1.5,,
,"참깨, 흰색, 볶은것",1.5,,
,"파, 대파, 생것",1.5,,
,맛술,1.2,,
,"마늘, 생것",0.6,,
,"후추, 검은색, 가루",0.15,,
버섯전골,"소고기, 한우, 양지, 생것",22.5,국,한식
,"배추, 생것",15,,
,"느타리버섯, 생것",10.5,,
,"큰느타리버섯(새송이버섯), 생것",10.5,,
,"미나리, 물미나리, 생것",7.5,,
,"호박, 애호박, 생것",7.5,,
,"간장, 개량, 산분해",6.75,,
,"양파, 생것",6.75,,
,참기름,2.7,,
,"파, 생것",2.7,,
,"마늘, 생것",1.35,,
,"멸치, 대멸치, 삶아서 말린것",0.94,,
,"다시마, 말린것",0.54,,
베이컨마늘종볶음,"마늘종, 꽃줄기, 생것",52.5,볶음,한식
,베이컨,22.5,,
,콩기름,3.75,,
,"마늘, 생것",1.5,,
,"후추, 검은색, 가루",0.07,,
베이컨브로콜리볶음,"브로콜리, 생것",37.5,볶음,한식
,베이컨,22.5,,
,콩기름,3.75,,
,"마늘, 생것",1.5,,
,"후추, 검은색, 가루",0.07,,
베이컨스크램블에그,"달걀, 생것",45,볶음,한식
,베이컨,15,,
,우유,15,,
,소금,0.3,,
,"후추, 검은색, 가루",0.15,,
베이컨팽이버섯볶음,"팽이버섯, 생것",45,볶음,한식
,베이컨,30,,
,콩기름,3.75,,
,"마늘, 생것",1.5,,
,"후추, 검은색, 가루",0.07,,
보리차,보리차,200,음료(간식),한식
복숭아,"복숭아, 백도, 생것",100,과일(간식),한식
볼어묵조림,어묵,45,조림,한식
,"간장, 개량, 양조",3.75,,
,콩기름,2.25,,
,"설탕, 백설탕",1.5,,
,"마늘, 생것",0.75,,
,참기름,0.15,,
봄나물비빔밥,"멥쌀, 백미, 생것",80,일품밥,한식
,"달래, 생것",12,,
,"유채, 잎, 생것",12,,
,"취나물, 참취, 생것",12,,
,"고추장, 개량",6,,
,"당근, 뿌리, 생것",6,,
,참기름,1,,
,콩기름,1,,
,소금,0.4,,
봄동겉절이,"배추, 봄동, 생것",60,김치,한식
,"양파, 생것",15,,
,"간장, 개량, 양조",3,,
,고춧가루,1.5,,
,"마늘, 생것",0.75,,
,참기름,0.75,,
,"참깨, 흰색, 볶은것",0.75,,
,"파, 대파, 생것",0.75,,
,"설탕, 백설탕",0.45,,
,소금,0,,
봄동된장국,"배추, 봄동, 생것",52.5,국,한식
,"된장, 개량",6,,
,"파, 생것",4.5,,
,"멸치, 대멸치, 삶아서 말린것",3,,
,"마늘, 생것",0.75,,
부대찌개,"김치, 배추 김치",30,국,한식
,두부,22.5,,
,"돼지고기, 등심, 생것",15,,
,"햄, 런천미트햄",12,,
,"소시지, 위너(비엔나)소시지",7.5,,
,"다시마, 말린것",1.5,,
,"마늘, 생것",1.5,,
,소금,1.5,,
,"파, 생것",1.5,,
,"멸치, 잔멸치, 삶아서 말린것",0.75,,
부들어묵굴소스조림,어묵,52.5,조림,한식
,"양파, 생것",22.5,,
,"당근, 뿌리, 생것",12,,
,"파, 생것",7.5,,
,"마늘, 생것",1.5,,
,물엿,1.5,,
,"소고기, 한우(1+등급), 사태(앞사태), 생것",1.5,,
,콩기름,1.5,,
,"참깨, 검은색, 볶은것",0.3,,
,참기름,0.15,,
부들어묵볶음,어묵,60,볶음,한식
,"당근, 뿌리, 생것",15,,
,"양파, 생것",11.25,,
,"파, 생것",3.45,,
,"간장, 개량, 양조",0.45,,
,"마늘, 생것",0.45,,
부들어묵조림,어묵,45,조림,한식
,"양파, 생것",7.5,,
,"파, 생것",7.5,,
,"간장, 개량, 양조",4.5,,
,"마늘, 생것",3,,
,물엿,3,,
,콩기름,1.5,,
,참기름,0.75,,
부들어묵채소볶음,어묵,22.5,볶음,한식
,"양파, 생것",19.5,,
,"당근, 뿌리, 생것",15,,
,"간장, 개량, 양조",4.5,,
,물엿,4.5,,
,콩기름,2.25,,
,"깨소금, 가루, 볶은것",1.12,,
,소금,0.23,,
,"후추, 검은색, 가루",0.23,,
부추달걀국,"달걀, 유정란, 생것",45,국,한식
,"부추, 호부추, 생것",7.5,,
,"양파, 생것",7.5,,
,"간장, 재래",2,,
,멸치 육수,1.5,,
,"다시마, 말린것",0.75,,
,"마늘, 생것",0.75,,
부추무생채,"무, 조선무, 생것",50,샐러드,한식
,"부추, 호부추, 생것",7.5,,
,"식초, 사과식초",4,,
,고춧가루,2,,
,"설탕, 백설탕",2,,
,"파, 생것",1.5,,
,"마늘, 생것",0.2,,
,소금,0.2,,
부추사과무침,"부추, 재래종, 생것",52.5,샐러드,한식
,"사과, 부사, 생것",30,,
,"파, 생것",2.25,,
,"멸치, 액젓",1.5,,
,고춧가루,0.3,,
,"마늘, 생것",0.3,,
,참기름,0.3,,
,"설탕, 백설탕",0.15,,
부추양파무침,"부추, 재래종, 생것",60,샐러드,한식
,"양파, 생것",15,,
,"파, 생것",2.25,,
,"멸치, 액젓",1.5,,
,고춧가루,0.3,,
,"마늘, 생것",0.3,,
,참기름,0.3,,
,"설탕, 백설탕",0.15,,
부추양파생채,"부추, 재래종, 생것",45,샐러드,한식
,"양파, 생것",15,,
,"마늘, 생것",0.75,,
,"멸치, 액젓",0.75,,
,"설탕, 백설탕",0.45,,
,고춧가루,0.3,,
,참기름,0.3,,
북어김칫국,"김치, 배추 김치",20,국,한식
,"명태, 북어, 말린것",7.5,,
,"파, 생것",3,,
,참기름,1.5,,
,"간장, 재래",0.5,,
,"마늘, 생것",0.5,,
,소금,0.4,,
,"후추, 검은색, 가루",0.1,,
북어달걀국,"달걀, 생것",15,국,한식
,"무, 조선무, 생것",15,,
,"명태, 북어, 말린것",11.25,,
,"양파, 생것",7.5,,
,"파, 생것",4.5,,
,참기름,2.25,,
,"간장, 재래",0.75,,
,소금,0.6,,
,"후추, 검은색, 가루",0.15,,
북어미역국,"명태, 북어, 말린것",11.25,국,한식
,"미역, 말린것",4.5,,
,참기름,2.25,,
,"간장, 재래",0.75,,
,"마늘, 생것",0.75,,
,소금,0.6,,
북어채뭇국,"무, 조선무, 생것",45,국,한식
,"명태, 북어, 말린것",11.25,,
,"파, 생것",4.5,,
,참기름,2.25,,
,"간장, 재래",0.75,,
,"마늘, 생것",0.75,,
,소금,0.6,,
,"후추, 검은색, 가루",0.15,,
북엇국,"명태, 북어, 말린것",11.25,국,한식
,"파, 생것",4.5,,
,참기름,2.25,,
,"간장, 재래",0.75,,
,"마늘, 생것",0.75,,
,소금,0.6,,
,"후추, 검은색, 가루",0.15,,
브로콜리깨소스무침,"브로콜리, 생것",52.5,샐러드,한식
,마요네즈,4.5,,
,"간장, 개량, 양조",1.5,,
,"들깨, 볶은것",1.5,,
,"설탕, 백설탕",0.3,,
,올리브유,0.3,,
,들기름,0,,
,"식초, 사과식초",0,,
브로콜리깨소스볶음,"브로콜리, 생것",75,볶음,한식
,마요네즈,4.5,,
,콩기름,4.5,,
,"참깨, 흰색, 볶은것",3,,
,"간장, 개량, 양조",1.5,,
,"설탕, 백설탕",1.5,,
브로콜리두부무침,"브로콜리, 생것",75,샐러드,한식
,두부,30,,
,"파, 대파, 생것",3,,
,"깨소금, 가루, 볶은것",1.5,,
,"마늘, 생것",1.5,,
,참기름,1.5,,
,"소금, 천일염, 가는소금",0.3,,
브로콜리들깨볶음,"브로콜리, 생것",52.5,볶음,한식
,"들깨, 말린것",7.5,,
,"마늘, 생것",3,,
,참기름,1.5,,
,소금,0.3,,
브로콜리맛살볶음,"브로콜리, 생것",60,볶음,한식
,"게맛살, 어육함량이 높은것",22.5,,
,"간장, 개량, 양조",4.5,,
,콩기름,4.5,,
,"파, 대파, 생것",4.5,,
,"마늘, 생것",3,,
,소금,0.3,,
,"후추, 검은색, 가루",0.15,,
브로콜리무침,"브로콜리, 생것",52.5,샐러드,한식
,"참깨, 흰색, 볶은것",1.2,,
,"마늘, 생것",0.75,,
,"소금, 정제염",0.75,,
,참기름,0.75,,
브로콜리볶음,"브로콜리, 생것",52.5,볶음,한식
,콩기름,4.5,,
,"파, 생것",2.25,,
,참기름,1.5,,
,"마늘, 생것",0.75,,
브로콜리숙회초고추장,"브로콜리, 생것",52.5,샐러드,한식
,초고추장,4.5,,
브로콜리초무침,"브로콜리, 생것",78.75,샐러드,한식
,"파, 생것",3.45,,
,"고추장, 개량",2.25,,
,"마늘, 생것",0.45,,
,"식초, 사과식초",0.45,,
,"참깨, 흰색, 볶은것",0.3,,
브로콜리컬리플라워숙회,"브로콜리, 생것",60,샐러드,한식
,"꽃양배추(콜리플라워), 생것",45,,
,초고추장,7.5,,
브로콜리토마토무침,"브로콜리, 생것",37.5,샐러드,한식
,"토마토, 방울토마토, 생것",30,,
,올리브유,1.5,,
,"참깨, 흰색, 볶은것",0.3,,
,소금,0.15,,
브로콜리파프리카볶음,"브로콜리, 생것",75,볶음,한식
,"파프리카, 노란색, 생것",15,,
,"파프리카, 빨간색, 생것",7.5,,
,"파프리카, 주황색, 생것",7.5,,
,콩기름,1.5,,
,"간장, 개량, 양조",0.9,,
,"마늘, 생것",0.75,,
,참기름,0.45,,
,소금,0.3,,
브로콜리피망볶음,"브로콜리, 생것",75,볶음,한식
,"피망, 빨간색, 생것",22.5,,
,"파, 생것",7.5,,
,콩기름,1.5,,
,"간장, 개량, 양조",0.9,,
,"마늘, 생것",0.75,,
,참기름,0.45,,
,소금,0.3,,
브로콜리햄볶음,"햄, 등심햄",90,볶음,한식
,"브로콜리, 잎, 생것",33.75,,
,콩기름,4.5,,
,"마늘, 생것",1.2,,
,"후추, 검은색, 가루",0.3,,
비름나물,"개비름, 생것",60,샐러드,한식
,"파, 대파, 생것",1.5,,
,"마늘, 생것",0.75,,
,소금,0.45,,
,참기름,0.3,,
,"참깨, 흰색, 볶은것",0.15,,
비름나물된장무침,"개비름, 생것",60,샐러드,한식
,"된장, 개량",2.25,,
,"파, 대파, 생것",1.5,,
,"마늘, 생것",0.75,,
,참기름,0.3,,
비름나물무침,"개비름, 생것",67.5,샐러드,한식
,"파, 생것",3,,
,"간장, 재래",1.05,,
,"마늘, 생것",0.75,,
,참기름,0.45,,
,소금,0.3,,
,"참깨, 흰색, 볶은것",0.3,,
비엔나브로콜리볶음,"소시지, 위너(비엔나)소시지",45,볶음,한식
,"브로콜리, 생것",15,,
,"당근, 뿌리, 생것",7.5,,
,"양파, 생것",7.5,,
,토마토 케첩,7.5,,
,"파, 생것",7.5,,
,콩기름,3.75,,
,"간장, 개량, 양조",2.25,,
,"마늘, 생것",1.5,,
,참기름,0.3,,
비엔나소시지볶음,"소시지, 위너(비엔나)소시지",45,볶음,한식
,콩기름,3,,
,토마토 케첩,3,,
,물엿,2.25,,
,"고추장, 개량",0.45,,
,"마늘, 생것",0.45,,
,"후추, 검은색, 가루",0.15,,
비엔나소시지케찹조림,"소시지, 위너(비엔나)소시지",60,조림,한식
,"양파, 생것",3,,
,"설탕, 백설탕",2,,
,콩기름,1.5,,
,"피망, 초록색, 생것",1.5,,
,"간장, 개량, 산분해",0.75,,
,"마늘, 생것",0.75,,
,"생강, 뿌리줄기, 생것",0.53,,
,소금,0,,
,"후추, 검은색, 가루",0,,
비엔나소시지케첩볶음,"소시지, 위너(비엔나)소시지",40,볶음,한식
,"당근, 뿌리, 생것",5,,
,"양파, 생것",5,,
,"파, 생것",5,,
,콩기름,2.5,,
,"마늘, 생것",1,,
,토마토 케첩,1,,
,참기름,0.2,,
비엔나채소볶음,"소시지, 위너(비엔나)소시지",45,볶음,한식
,"당근, 뿌리, 생것",7.5,,
,"양파, 생것",7.5,,
,"파, 생것",7.5,,
,콩기름,3.75,,
,"간장, 개량, 양조",2.25,,
,"마늘, 생것",1.5,,
,참기름,0.3,,
비엔나케찹볶음,"소시지, 위너(비엔나)소시지",45,볶음,한식
,"당근, 뿌리, 생것",31.5,,
,"양파, 생것",31.5,,
,토마토 케첩,10.5,,
,"파, 생것",7.5,,
,콩기름,5.62,,
,"마늘, 생것",1.5,,
,참기름,0.3,,
비엔나케찹조림,"소시지, 위너(비엔나)소시지",60,조림,한식
,"당근, 뿌리, 생것",7.5,,
,"양파, 생것",7.5,,
,"피망, 초록색, 생것",7.5,,
,토마토 케첩,4.5,,
,"설탕, 백설탕",1.5,,
,콩기름,1.5,,
,"마늘, 생것",0.75,,
,"참깨, 흰색, 볶은것",0.75,,
비엔나파프리카볶음,"소시지, 위너(비엔나)소시지",60,볶음,한식
,"파프리카, 빨간색, 생것",22.5,,
,"파프리카, 초록색, 생것",22.5,,
,"파, 생것",4.5,,
,콩기름,3,,
,"간장, 개량, 양조",1.5,,
,"마늘, 생것",0.6,,
,소금,0.3,,
,참기름,0.3,,
비엔나피망볶음,"소시지, 위너(비엔나)소시지",60,볶음,한식
,"양파, 생것",12,,
,"피망, 초록색, 생것",7.5,,
,"간장, 개량, 양조",4.5,,
,"당근, 뿌리, 생것",4.5,,
,콩기름,4.5,,
,"피망, 빨간색, 생것",4.5,,
,"마늘, 생것",0.75,,
,"설탕, 백설탕",0.75,,
,"참깨, 흰색, 볶은것",0.75,,
,참기름,0.3,,
비트무초절임,"무, 조선무, 생것",37.5,샐러드,한식
,"비트, 뿌리, 생것",7.5,,
,"설탕, 백설탕",1.5,,
,"식초, 사과식초",1.5,,
비트쌈무,"무 절임, 쌈무",75,샐러드,한식
,"비트, 뿌리, 생것",3,,
뼈해장국,"돼지고기, 등심, 생것",90,국,한식
,"배추, 시래기, 말린것, 삶은것",45,,
,"된장, 개량",7.5,,
,"간장, 개량, 양조",4.5,,
,"들깻잎, 생것",4.5,,
,"파, 생것",4.5,,
,고춧가루,3,,
,"들깨, 볶은것",3,,
,"마늘, 생것",3,,
,"청주, 알코올 16%",3,,
,"생강, 뿌리줄기, 생것",0.75,,
,소금,0.75,,
,"후추, 검은색, 가루",0.15,,
사각어묵볶음,어묵,37.5,볶음,한식
,"파, 생것",7.5,,
,콩기름,3.75,,
,"간장, 개량, 양조",2.25,,
,"마늘, 생것",1.5,,
,참기름,0.3,,
사각어묵피망볶음,"피망, 빨간색, 생것",105,볶음,한식
,어묵,22.5,,
,콩기름,5.62,,
,"파, 생것",4.5,,
,"간장, 개량, 양조",3.38,,
,"마늘, 생것",3,,
,참기름,0.75,,
사골곰국,잡뼈국물,0,국,한식
,"소고기, 한우(1등급), 양지(양지머리), 생것",22.5,,
,"파, 대파, 생것",7.5,,
,"마늘, 생것",4.5,,
,"생강, 뿌리줄기, 생것",1.5,,
,소금,0.75,,
,"후추, 흰색, 가루",0,,
사골곰탕,잡뼈국물,75,국,한식
,"소고기, 한우, 양지, 삶은것",22.5,,
,"파, 생것",2.25,,
,소금,0.3,,
,"후추, 검은색, 가루",0,,
사골우거지국,"사골국, 인스턴트",450,국,한식
,"배추, 생것",75,,
,"소고기, 한우(3등급), 양지(업진살), 생것",15,,
,"콩나물, 생것",15,,
,"양파, 생것",7.5,,
,"파, 생것",7.5,,
,"멸치, 대멸치, 삶아서 말린것",4.5,,
,"된장, 개량",3,,
,"마늘, 생것",1.5,,
,"후추, 검은색, 가루",0.3,,
사과,"사과, 부사, 생것",100,과일(간식),한식
사과주스,사과 착즙,100,음료(간식),한식
사김포강된장찌개,두부,22.5,국,한식
,"양파, 생것",15,,
,"호박, 애호박, 생것",15,,
,"된장, 개량",7.5,,
,"고추장, 재래",4.5,,
,"파, 대파, 생것",4.5,,
,"멸치, 대멸치, 삶아서 말린것",3,,
,"마늘, 생것",2.25,,
,"다시마, 말린것",1.5,,
,"설탕, 황설탕",0.75,,
사김포달걀꽈리고추조림,"달걀, 생것",67.5,조림,한식
,"고추, 꽈리고추, 생것",15,,
,"간장, 개량, 양조",7.5,,
,"설탕, 황설탕",3,,
,"마늘, 생것",1.5,,
,참기름,0.3,,
,"후추, 검은색, 가루",0.15,,
사김포돼지고기간장구이,"돼지고기, 목심, 생것",75,구이,한식
,"간장, 개량, 양조",7.5,,
,"마늘, 생것",4.5,,
,맛술,4.5,,
,"생강, 뿌리줄기, 생것",4.5,,
,"파, 대파, 생것",4.5,,
,콩기름,1.5,,
,물엿,0.75,,
,"설탕, 황설탕",0.75,,
,참기름,0.75,,
,"후추, 검은색, 가루",0.45,,
산채비빔밥,"멥쌀, 백미, 도담쌀, 생것",70,일품밥,한식
,"애느타리버섯, 생것",10,,
,"양파, 생것",10,,
,"고구마, 줄기, 데친것",7,,
,"당근, 뿌리, 생것",7,,
,"도라지, 뿌리, 생것",7,,
,"상추, 결구(양상추), 녹색, 생것",7,,
,"소고기, 한우(1등급), 앞다리(꾸리살), 생것",7,,
,"참나물, 재배, 생것",7,,
,"고추장, 재래",6,,
,"마늘, 생것",2,,
,콩기름,2,,
삶은감자,"감자, 대지, 생것",100,일품(간식),한식
삼겹살굴소스볶음,"돼지고기, 삼겹살(삼겹살), 생것",60,볶음,한식
,"당근, 뿌리, 생것",7.5,,
,"양파, 생것",7.5,,
,"파, 생것",7.5,,
,굴 소스,4.5,,
,콩기름,3.75,,
,"마늘, 생것",1.5,,
,참기름,0.3,,
,"후추, 검은색, 가루",0,,
삼겹살두루치기,"돼지고기, 삼겹살(갈매기살), 생것",90,볶음,한식
,"양파, 생것",15,,
,"파, 생것",7.5,,
,"고추장, 개량",4.5,,
,물엿,4.5,,
,콩기름,4.5,,
,"간장, 재래",3,,
,"마늘, 생것",3,,
,참기름,1.5,,
삼색나물비빔밥,"멥쌀, 백미, 생것",80,일품밥,한식
,"달걀, 난황, 생것",20,,
,"시금치, 생것",10,,
,"콩나물, 생것",10,,
,"당근, 뿌리, 생것",5,,
,"간장, 재래",3,,
,콩기름,1.5,,
,물엿,1,,
,"마늘, 깐마늘, 수입산, 생것",0.5,,
,참기름,0.5,,
삼색나물비빔밥양념장,"멥쌀, 백미, 생것",80,일품밥,한식
,"당근, 뿌리, 생것",15,,
,"콩나물, 생것",15,,
,"호박, 애호박, 생것",15,,
,"고추장, 재래",5,,
,참기름,3,,
,"파, 대파, 생것",2,,
,콩기름,1,,
,"소금, 천일염",0.5,,
,"참깨, 흰색, 볶은것",0.1,,
삼색수제비,"밀, 중력밀가루",45,면,한식
,"당근, 뿌리, 생것",7.5,,
,"호박, 애호박, 생것",7.5,,
,"파, 생것",2,,
,"멸치, 대멸치, 삶아서 말린것",1.5,,
,"마늘, 생것",0.45,,
,소금,0.45,,
,"후추, 검은색, 가루",0.15,,
삼색수제비국,"밀, 중력밀가루",30,국,한식
,"당근, 뿌리, 생것",7.5,,
,"양파, 생것",7.5,,
,"파, 생것",3,,
,"간장, 개량, 양조",2.25,,
,"다시마, 말린것",1.5,,
,"멸치, 대멸치, 삶아서 말린것",1.5,,
,"마늘, 생것",0.75,,
,소금,0.3,,
,참기름,0.3,,
삼치구이,"삼치, 생것",67.5,구이,한식
,"밀, 중력밀가루",10.5,,
,콩기름,4.5,,
,"소금, 정제염",0.3,,
삼치데리야끼구이,"삼치, 생것",45,구이,한식
,"밀, 중력밀가루",4.5,,
,"간장, 개량, 양조",3,,
,콩기름,2,,
,물엿,1.5,,
,"마늘, 생것",0.3,,
삼치무조림,"삼치, 생것",90,조림,한식
,"무, 조선무, 생것",45,,
,"간장, 개량, 양조",7.5,,
,"설탕, 백설탕",6,,
,"청주, 알코올 16%",6,,
,"마늘, 생것",3,,
,참기름,0.6,,
,"후추, 검은색, 가루",0.3,,
삼치양념찜,"삼치, 생것",70,찜,한식
,"파, 생것",5,,
,"간장, 개량, 양조",3,,
,"마늘, 생것",2,,
,참기름,2,,
,"설탕, 백설탕",1.5,,
,고춧가루,0.4,,
,"참깨, 흰색, 볶은것",0.2,,
삼치엿장조림,"삼치, 생것",105,조림,한식
,"간장, 개량, 양조",4.5,,
,물엿,4.5,,
,"밀, 중력밀가루",4.5,,
,콩기름,2.25,,
삼치유자청조림,"삼치, 생것",75,조림,한식
,유자청,18,,
,"전분, 감자, 가루",7.5,,
,"간장, 재래",3,,
,콩기름,3,,
,"마늘, 생것",1.5,,
,"청주, 알코올 16%",0.3,,
삼치카레구이,"삼치, 생것",90,구이,한식
,레몬 착즙,15,,
,"밀, 중력밀가루",12,,
,"카레 소스, 가루",4.5,,
,콩기름,3.75,,
,소금,1.5,,
상추겉절이,"상추, 잎상추, 치마상추, 적색, 생것",30,샐러드,한식
,"양파, 생것",7.5,,
,고춧가루,1.5,,
,"멸치, 액젓",1.5,,
,"마늘, 생것",0.3,,
,참기름,0.3,,
,"설탕, 백설탕",0.15,,
상추쌈쌈장,"상추, 잎상추, 치마상추, 적색, 생것",45,샐러드,한식
,쌈장,4.5,,
상추양파무침,"상추, 잎상추, 적하계, 적색, 생것",105,샐러드,한식
,"양파, 생것",15,,
,"파, 생것",2.25,,
,"간장, 재래",0.75,,
,"마늘, 생것",0.3,,
,참기름,0.3,,
,소금,0.15,,
새송이버섯볶음,"큰느타리버섯(새송이버섯), 생것",22.5,볶음,한식
,"양파, 생것",7.5,,
,콩기름,1.5,,
,"마늘, 생것",0.75,,
,"참깨, 흰색, 볶은것",0.75,,
,소금,0.45,,
새송이볶음,"큰느타리버섯(새송이버섯), 생것",30,볶음,한식
,"양파, 생것",,,
,콩기름,3,,
,"마늘, 생것",1.5,,
,"파, 생것",1.5,,
,소금,0.3,,
,"참깨, 흰색, 볶은것",0.3,,
새송이피망볶음,"큰느타리버섯(새송이버섯), 생것",30,볶음,한식
,"피망, 초록색, 생것",30,,
,콩기름,4.5,,
,"마늘, 생것",0.75,,
,소금,0.75,,
,"간장, 개량, 양조",0.45,,
,참기름,0.45,,
새싹비빔밥,"멥쌀, 백미, 생것",80,일품밥,한식
,"비타민채(다채), 생것",32,,
,"고추장, 개량",4.8,,
,물엿,3.2,,
,"설탕, 백설탕",1.6,,
,참기름,1.6,,
,마늘 페이스트,0.8,,
,"깨소금, 가루, 볶은것",0.16,,
새우까스타르타르소스,"새우 튀김용, 튀긴것(빵가루)",45,반찬,한식
,콩기름,7.5,,
,타르타르소스,7.5,,
새우살굴소스볶음,"새우, 대하, 생것",60,볶음,한식
,"당근, 뿌리, 생것",15,,
,"양파, 생것",15,,
,콩기름,7.5,,
,"파, 생것",7.5,,
,굴 소스,4.5,,
,"마늘, 생것",3,,
,"전분, 감자, 가루",3,,
,참기름,3,,
,"후추, 검은색, 가루",0.15,,
새우살굴소스조림,"새우, 중하, 생것",0,조림,한식
,"양파, 생것",0.75,,
,"큰느타리버섯(새송이버섯), 생것",11,,
,"당근, 뿌리, 생것",6.75,,
,콩기름,4.5,,
,"간장, 개량, 양조",3,,
,굴 소스,3,,
,"마늘, 생것",1.2,,
새우살브로콜리볶음,"새우, 각시흰새우, 생것",105,볶음,한식
,"브로콜리, 생것",37.5,,
,콩기름,3.75,,
,"마늘, 생것",1.5,,
,"후추, 검은색, 가루",0.07,,
새우살애호박볶음,"새우, 중하, 생것",45,볶음,한식
,"호박, 애호박, 생것",15,,
,"느타리버섯, 생것",7.5,,
,"양파, 생것",7.5,,
,굴 소스,4.5,,
,"당근, 뿌리, 생것",4.5,,
,"간장, 개량, 양조",3,,
,"마늘, 생것",1.5,,
,콩기름,1.5,,
,"파, 대파, 생것",1.5,,
새우살채소볶음,"새우, 꽃새우, 생것",67.5,볶음,한식
,"양파, 생것",15,,
,"당근, 뿌리, 생것",7.5,,
,콩기름,4.5,,
,"간장, 개량, 양조",3,,
,"마늘, 생것",1.5,,
,참기름,0.75,,
,"후추, 검은색, 가루",0.3,,
새우살청경채볶음,"새우, 흰다리새우, 생것",90,볶음,한식
,"당근, 뿌리, 생것",6.75,,
,"청경채, 생것",4.5,,
,콩기름,4.5,,
,"간장, 개량, 산분해",3,,
,굴 소스,3,,
,"마늘, 생것",1.2,,
새우살파프리카볶음,"새우, 중하, 생것",120,볶음,한식
,"파프리카, 초록색, 생것",22.5,,
,"미니파프리카, 빨간색, 생것",15,,
,"파, 생것",4.5,,
,"간장, 개량, 양조",3,,
,콩기름,3,,
,"마늘, 생것",1.5,,
,참기름,0.3,,
,"후추, 검은색, 가루",0.15,,
새우살피망조림,"새우, 중하, 생것",60,조림,한식
,"당근, 뿌리, 생것",9,,
,"양파, 생것",9,,
,"피망, 초록색, 생것",9,,
,"조청, 쌀",7.5,,
,"간장, 개량, 양조",4.5,,
,"파, 생것",4.5,,
,콩기름,3,,
,참기름,0.75,,
,"후추, 검은색, 가루",0.15,,
새우튀김,"새우, 대하, 생것",60,튀김,한식
,콩기름,15,,
,"달걀, 생것",7.5,,
,"밀, 빵가루",4.5,,
,"밀, 중력밀가루",4.5,,
,소금,0.15,,
,"후추, 검은색, 가루",0.15,,
생강차,"생강차, 가루",10,음료(간식),한식
생선가스타르타르소스,"명태, 동태, 냉동",45,반찬,한식
,"달걀, 생것",7.5,,
,"밀, 빵가루",7.5,,
,"밀, 중력밀가루",7.5,,
,콩기름,6,,
,마요네즈,4.5,,
,"양파, 생것",4.5,,
,오이 피클,2.25,,
,맛술,1.5,,
,"마늘, 생것",0.75,,
,"생강, 뿌리줄기, 생것",0.45,,
,"참깨, 흰색, 볶은것",0.45,,
,"후추, 검은색, 가루",0.3,,
생선까스타르타르소스,"대구 튀김, 냉동",45,반찬,한식
,콩기름,15,,
,타르타르소스,7.5,,
설렁탕,"소고기, 한우(1등급), 양지(업진살), 생것",45,국,한식
,"우족국물, 중량3배물",45,,
,"파, 생것",7.5,,
,"마늘, 생것",4.5,,
,"생강, 뿌리줄기, 생것",1.5,,
,소금,0.45,,
,"후추, 검은색, 가루",0.15,,
섭산적,두부,45,반찬,한식
,"소고기, 한우, 갈비, 생것",45,,
,"잣, 생것",3,,
,콩기름,3,,
,"간장, 개량, 양조",1.5,,
,마늘 페이스트,1.5,,
,"설탕, 백설탕",1.5,,
,참기름,1.5,,
,"파, 대파, 생것",1.5,,
,생강 페이스트,0.9,,
,"후추, 검은색, 가루",0.9,,
섭산적구이,"소고기, 한우(1등급), 살코기, 생것",67.5,구이,한식
,두부,22.5,,
,"간장, 개량, 양조",3,,
,"마늘, 생것",1.5,,
,콩기름,1.5,,
,"파, 생것",1.5,,
,"설탕, 백설탕",0.75,,
,참기름,0.75,,
,"참깨, 흰색, 볶은것",0,,
,"후추, 검은색, 가루",0,,
세발나물무침,"갯나물, 세발나물, 생것",105,샐러드,한식
,고춧가루,2.1,,
,"간장, 재래",1.5,,
,"마늘, 생것",1.5,,
,"소금, 정제염",1.5,,
,"깨소금, 가루, 볶은것",0.9,,
,"설탕, 백설탕",0.9,,
,"식초, 사과식초",0.9,,
,참기름,0.3,,
소고기가지볶음,"소고기, 한우(1등급), 사태(앞사태), 생것",90,볶음,한식
,"가지, 생것",52.5,,
,"간장, 개량, 양조",7.5,,
,"파, 생것",7.5,,
,콩기름,4.5,,
,맛술,3,,
,"마늘, 생것",1.5,,
,참기름,1.5,,
,"후추, 검은색, 가루",0.15,,
소고기곤약조림,"소고기, 한우(1등급), 등심, 생것",45,조림,한식
,"곤약(구약나물), 판형, 생것",15,,
,"양파, 생것",15,,
,"간장, 개량, 양조",7.5,,
,"식초, 사과식초",4.5,,
,"파, 생것",4.5,,
,"마늘, 생것",1.5,,
,참기름,0.3,,
,"후추, 검은색, 가루",0.15,,
소고기꽈리고추조림,"소고기, 한우(1++등급), 사태, 생것",90,조림,한식
,"고추, 꽈리고추, 생것",15,,
,"당근, 뿌리, 생것",7.5,,
,"양파, 생것",7.5,,
,"간장, 개량, 양조",4.5,,
,"마늘, 생것",1.5,,
,"설탕, 백설탕",1.5,,
,참기름,1.5,,
,"청주, 알코올 16%",1.5,,
,"후추, 검은색, 가루",0.3,,
소고기당면볶음,"소고기, 한우(1등급), 사태(앞사태), 생것",60,볶음,한식
,"당면, 고구마, 말린것",15,,
,"당근, 뿌리, 생것",7.5,,
,"양파, 생것",7.5,,
,"간장, 개량, 양조",4.5,,
,"파, 생것",4.5,,
,"설탕, 백설탕",3,,
,콩기름,2.25,,
,"마늘, 생것",0.75,,
,참기름,0.3,,
,"후추, 검은색, 가루",0.15,,
소고기떡국,"멥쌀떡, 가래떡",45,국,한식
,"소고기, 한우(1등급), 양지, 생것",45,,
,"달걀, 생것",22.5,,
,"멸치, 대멸치, 삶아서 말린것",4.5,,
,"파, 대파, 생것",4.5,,
,"다시마, 말린것",3,,
,"간장, 재래",0.75,,
,"마늘, 생것",0.75,,
,소금,0,,
,"후추, 검은색, 가루",0,,
소고기메추리알조림,"소고기, 한우(1등급), 사태(앞사태), 생것",67.5,조림,한식
,"메추리알, 생것",22.5,,
,"간장, 개량, 양조",11.25,,
,"설탕, 백설탕",4.5,,
,"청주, 알코올 16%",4.5,,
,"마늘, 생것",2.25,,
,참기름,0.45,,
,"후추, 검은색, 가루",0.23,,
소고기뭇국,"무, 조선무, 생것",30,국,한식
,"소고기, 한우, 양지, 생것",22.5,,
,"파, 생것",4.5,,
,참기름,1.5,,
,"마늘, 생것",0.75,,
,소금,0.75,,
,"후추, 검은색, 가루",0.15,,
소고기미역국,"소고기, 한우(1등급), 양지(양지머리), 생것",37.5,국,한식
,"미역, 말린것",4.5,,
,참기름,1.5,,
,"간장, 재래",0.75,,
,"마늘, 생것",0.75,,
,소금,0.3,,
소고기배춧국,"배추, 생것",45,국,한식
,"소고기, 한우, 등심, 생것",22.5,,
,"파, 생것",1.5,,
,들기름,0.75,,
,"마늘, 생것",0.75,,
,"간장, 개량, 양조",0.3,,
,소금,0.3,,
소고기버섯볶음,"소고기, 한우(1등급), 살코기, 생것",90,볶음,한식
,"큰느타리버섯(새송이버섯), 생것",15,,
,"당근, 뿌리, 생것",7.5,,
,"양파, 생것",7.5,,
,"피망, 초록색, 생것",7.5,,
,"간장, 개량, 양조",4.5,,
,물엿,3.75,,
,"마늘, 생것",1.5,,
,"파, 대파, 생것",1.5,,
,"설탕, 가루",0.75,,
,참기름,0.75,,
,"깨소금, 가루, 볶은것",0.3,,
소고기버섯전골,"소고기, 한우, 양지, 생것",31.5,국,한식
,"느타리버섯, 생것",7.5,,
,"배추, 생것",7.5,,
,"양파, 생것",7.5,,
,"팽이버섯, 생것",7.5,,
,"표고버섯, 참나무재배, 생것",7.5,,
,"파, 생것",4.5,,
,"멸치, 대멸치, 삶아서 말린것",3,,
,"간장, 재래",0.75,,
,"마늘, 생것",0.75,,
,소금,0.6,,
소고기양배추볶음,"소고기, 한우(1등급), 사태(앞사태), 생것",60,볶음,한식
,"양배추, 생것",15,,
,"당근, 뿌리, 생것",7.5,,
,"양파, 생것",7.5,,
,콩기름,6,,
,"간장, 개량, 양조",4.5,,
,"파, 생것",3,,
,"마늘, 생것",1.5,,
,"설탕, 백설탕",1.5,,
,참기름,0.75,,
소고기우거지국,"소고기, 한우, 양지, 생것",30,국,한식
,"배추, 시래기, 말린것, 삶은것",22.5,,
,"무, 조선무, 생것",7.5,,
,"파, 생것",4.5,,
,"간장, 재래",1.5,,
,"마늘, 생것",0.75,,
,소금,0.6,,
소고기우엉볶음,"소고기, 한우(1++등급), 살코기, 생것",60,볶음,한식
,"우엉, 생것",10.5,,
,"간장, 개량, 양조",4.5,,
,"파, 생것",3,,
,콩기름,2.25,,
,"마늘, 생것",1.5,,
,"설탕, 백설탕",1.5,,
,참기름,0.45,,
,"후추, 검은색, 가루",0.15,,
소고기장조림,"소고기, 한우(1등급), 사태(앞사태), 생것",90,조림,한식
,"간장, 개량, 양조",4.5,,
,"설탕, 백설탕",3,,
,"청주, 알코올 16%",3,,
,"마늘, 생것",1.5,,
,참기름,0.75,,
,"후추, 검은색, 가루",0.15,,
소보로빵,"빵, 곰보빵",30,곡류(간식),한식
소불고기,"소고기, 한우(1등급), 안심, 생것",60,볶음,한식
,"양파, 생것",22.5,,
,"당근, 뿌리, 생것",15,,
,"간장, 개량, 양조",5.25,,
,"설탕, 백설탕",3.75,,
,"파, 대파, 생것",3.75,,
,참기름,2.25,,
,"마늘, 생것",1.5,,
,"후추, 검은색, 가루",0.38,,
솎음열무나물,"열무, 생것",105,샐러드,한식
,"마늘, 생것",3.75,,
,참기름,3,,
,"간장, 재래",1.5,,
,소금,1.5,,
,"참깨, 흰색, 볶은것",1.5,,
송편,"멥쌀떡, 송편, 깨",60,곡류(간식),한식
쇠고기당면국,"소고기, 한우, 양지, 생것",22.5,국,한식
,"느타리버섯, 생것",7.5,,
,"당면, 고구마, 말린것",7.5,,
,"배추, 생것",7.5,,
,"양파, 생것",7.5,,
,"파, 생것",4.5,,
,"멸치, 대멸치, 삶아서 말린것",3,,
,"간장, 재래",0.75,,
,"마늘, 생것",0.75,,
,소금,0.6,,
,"후추, 검은색, 가루",0.15,,
쇠고기당면볶음,"소고기, 한우(1등급), 사태(앞사태), 생것",60,볶음,한식
,"당면, 고구마, 말린것",10.5,,
,"양배추, 생것",10.5,,
,"양파, 생것",7.5,,
,"간장, 개량, 양조",4.5,,
,"당근, 뿌리, 생것",3,,
,콩기름,3,,
,"마늘, 생것",1.5,,
,"파, 생것",1.5,,
,"설탕, 황설탕",0.75,,
,참기름,0.3,,
,"후추, 검은색, 가루",0.15,,
쇠고기메추리알장조림,"메추리알, 생것",60,조림,한식
,"소고기, 한우(1+등급), 사태(앞사태), 생것",45,,
,"간장, 개량, 양조",7.5,,
,"설탕, 백설탕",3,,
,"청주, 알코올 16%",3,,
,"마늘, 생것",1.5,,
,참기름,0.3,,
,"후추, 검은색, 가루",0,,
쇠고기메추리알조림,"메추리알, 생것",45,조림,한식
,"소고기, 한우(1등급), 목심, 생것",37.5,,
,"간장, 개량, 양조",7.5,,
,물엿,4.5,,
,"설탕, 백설탕",4.5,,
,"청주, 알코올 16%",4.5,,
,"마늘, 생것",3,,
,참기름,0.6,,
,"후추, 검은색, 가루",0.3,,
쇠고기무국,"소고기, 한우(1등급), 양지(업진살), 생것",30,국,한식
,"무, 조선무, 생것",22.5,,
,"간장, 재래",1.5,,
,"마늘, 생것",1.2,,
,소금,0.15,,
쇠고기뭇국,"소고기, 한우(1++등급), 앞다리(앞다리살), 생것",30,국,한식
,"무, 조선무, 생것",22.5,,
,"멸치, 대멸치, 삶아서 말린것",3.75,,
,"간장, 개량, 산분해",1.5,,
,"마늘, 생것",1.5,,
,"파, 생것",1.5,,
,"다시마, 말린것",0.75,,
,참기름,0.75,,
,소금,0.45,,
,"후추, 검은색, 가루",0.15,,
쇠고기미역국,"소고기, 한우, 양지, 생것",15.75,국,한식
,"미역, 말린것",15,,
,참기름,2.25,,
,"간장, 재래",0.75,,
,"마늘, 생것",0.75,,
,소금,0.6,,
쇠고기숙주볶음,"소고기, 한우(1등급), 안심, 생것",67.5,볶음,한식
,"숙주나물, 생것",15,,
,"당근, 뿌리, 생것",7.5,,
,"양파, 생것",7.5,,
,"간장, 개량, 양조",4.5,,
,맛술,3,,
,"설탕, 백설탕",2.25,,
,"마늘, 생것",1.5,,
,참기름,1.5,,
,콩기름,1.5,,
,"파, 생것",1.5,,
,"참깨, 흰색, 볶은것",0.75,,
,"후추, 검은색, 가루",0.15,,
쇠고기쌀국수,"멥쌀 국수, 말린것",75,면,한식
,"소고기, 한우(1++등급), 우둔(우둔살), 생것",45,,
,"숙주나물, 생것",,,
,"양파, 생것",,,
,"쑥갓, 생것",3,,
,"파, 생것",3,,
,"소금, 정제염",1.5,,
쇠고기장조림,"소고기, 한우(1++등급), 우둔(우둔살), 생것",52.5,조림,한식
,"간장, 개량, 양조",9,,
,"설탕, 백설탕",3,,
,참기름,3,,
,"마늘, 생것",1.5,,
,"후추, 검은색, 가루",0.15,,
쇠고기콩나물밥양념장,"멥쌀, 백미, 생것",80,일품밥,한식
,"콩나물, 생것",32,,
,"소고기, 한우(3등급), 등심, 생것",24,,
,"간장, 개량, 양조",3.2,,
,"다시마, 말린것",3.2,,
,마늘 페이스트,3.2,,
,"파, 대파, 생것",2.4,,
,물엿,0.8,,
,참기름,0.8,,
,"깨소금, 가루, 볶은것",0.32,,
쇠고기팽이버섯볶음,"소고기, 한우(1등급), 앞다리(꾸리살), 생것",75,볶음,한식
,"팽이버섯, 생것",22.5,,
,"당근, 뿌리, 생것",7.5,,
,"간장, 개량, 양조",4.5,,
,콩기름,4.5,,
,"파, 대파, 생것",4.5,,
,"설탕, 가루",1.5,,
,"마늘, 생것",0.75,,
,참기름,0.75,,
,"후추, 검은색, 가루",0.15,,
수박,"수박, 적육질, 생것",100,과일(간식),한식
수수부꾸미,수수부꾸미,40,반찬,한식
,콩기름,3,,
수육보쌈새우젓,"돼지고기, 앞다리(앞다리살), 생것",120,샐러드,한식
,"새우, 젓갈",15,,
,"파, 생것",12,,
,"양파, 생것",6,,
,"마늘, 생것",4.5,,
,"생강, 뿌리줄기, 생것",4.5,,
,"된장, 개량",1.5,,
,"후추, 검은색, 가루",1.5,,
수정과,"계피차, 가루",10,음료(간식),한식
수제비국,생수,360,국,한식
,"밀, 중력밀가루",30,,
,"당근, 뿌리, 생것",7.5,,
,"호박, 애호박, 생것",7.5,,
,"파, 대파, 생것",2.25,,
,"간장, 재래",1.5,,
,"멸치, 대멸치, 삶아서 말린것",1.5,,
,"마늘, 생것",0.45,,
,소금,0.45,,
,"후추, 검은색, 가루",0,,
수취리떡,"멥쌀떡, 절편",80,곡류(간식),한식
,"수리취(떡취), 생것",1,,
숙주겨자냉채,"숙주나물, 생것",0,샐러드,한식
,"당근, 뿌리, 생것",7.5,,
,"오이, 다다기, 생것",7.5,,
,"파, 생것",3,,
,"겨자, 가루",1.5,,
,"깨소금, 가루, 볶은것",1.5,,
,"마늘, 생것",1.5,,
,참기름,1.5,,
,소금,0.3,,
숙주겨자무침,"숙주나물, 생것",52.5,샐러드,한식
,"당근, 뿌리, 생것",5,,
,"오이, 다다기, 생것",5,,
,"파, 생것",2,,
,"간장, 재래",0.75,,
,"겨자, 가루",0.75,,
,"마늘, 생것",0.3,,
,참기름,0.3,,
,소금,0.15,,
숙주나물,"숙주나물, 생것",52.5,샐러드,한식
,"마늘, 생것",0.75,,
,참기름,0.75,,
,"참깨, 흰색, 볶은것",0.75,,
,소금,0.45,,
숙주나물무침,"숙주나물, 생것",105,샐러드,한식
,"파, 생것",4.5,,
,소금,3,,
,"마늘, 생것",2.25,,
,참기름,1.5,,
숙주맛살냉채,"게맛살, 어육함량이 낮은것",36,샐러드,한식
,"숙주나물, 생것",31.5,,
,"파, 대파, 생것",27,,
,"마늘, 생것",6,,
,"설탕, 백설탕",1.2,,
,소금,1.2,,
,"후추, 검은색, 가루",0.6,,
숙주맛살무침,"숙주나물, 생것",30,샐러드,한식
,"게맛살, 어육함량이 낮은것",15,,
,"오이, 취청, 생것",7.5,,
,"파인애플, 생것",7.5,,
,"겨자, 가루",1.5,,
,"설탕, 백설탕",0.75,,
,"참깨, 흰색, 볶은것",0.75,,
,"식초, 사과식초",0.6,,
,"소금, 정제염",0.45,,
순대볶음,"순대, 선지 비율 낮은것",60,볶음,한식
,"당근, 뿌리, 생것",7.5,,
,"양배추, 생것",7.5,,
,"양파, 생것",7.5,,
,"파, 생것",7.5,,
,콩기름,3.75,,
,"고추장, 개량",3,,
,"들깻잎, 생것",3,,
,"간장, 개량, 양조",1.5,,
,"마늘, 생것",1.5,,
,고춧가루,0.45,,
,"후추, 검은색, 가루",0.15,,
순대채소볶음,"순대, 선지 비율 낮은것",90,볶음,한식
,"양배추, 생것",22.5,,
,"양파, 생것",15,,
,"당근, 뿌리, 생것",7.5,,
,"파, 생것",7.5,,
,콩기름,3.75,,
,"고추장, 개량",3,,
,"들깨, 말린것",3,,
,"간장, 개량, 양조",1.5,,
,"마늘, 생것",1.5,,
,고춧가루,0.45,,
,"후추, 검은색, 가루",0.15,,
순두부백탕,"두부, 순두부",120,국,한식
,"달걀, 생것",15,,
,"양파, 생것",10.5,,
,"파, 생것",4.5,,
,"멸치, 대멸치, 삶아서 말린것",3,,
,"마늘, 생것",0.75,,
,소금,0.75,,
,"후추, 검은색, 가루",0.15,,
순두부찌개,"두부, 순두부",150,국,한식
,"달걀, 생것",15,,
,"양파, 생것",10.5,,
,"파, 생것",4.5,,
,"멸치, 대멸치, 삶아서 말린것",3,,
,"마늘, 생것",0.75,,
,소금,0.75,,
,고춧가루,0.3,,
,참기름,0.3,,
,"후추, 검은색, 가루",0.15,,
순살감자탕,"돼지고기, 등심, 생것",45,국,한식
,"배추, 얼갈이배추, 생것",22.5,,
,"감자, 대지, 생것",15,,
,"된장, 개량",5.25,,
,"마늘, 생것",3,,
,"파, 생것",3,,
,"들깻잎, 생것",1.5,,
,"간장, 재래",0.75,,
,"들깨, 말린것",0.75,,
,소금,0.3,,
,"후추, 검은색, 가루",0.15,,
,"생강, 뿌리줄기, 생것",0.01,,
순살아귀찜,"아귀, 생것",0,찜,한식
,"콩나물, 생것",60,,
,"미더덕, 생것",45,,
,"미나리, 물미나리, 생것",10.5,,
,"파, 생것",7.5,,
,"간장, 개량, 양조",6,,
,고춧가루,4.5,,
,"전분, 감자, 가루",4.5,,
,"청주, 알코올 16%",4.5,,
,"마늘, 생것",3,,
스모크햄마늘종볶음,"마늘종, 꽃줄기, 생것",105,볶음,한식
,"햄, 등심햄",22.5,,
,콩기름,2.25,,
,"간장, 개량, 양조",0.45,,
,"참깨, 흰색, 볶은것",0.23,,
스모크햄전,"햄, 등심햄",75,전,한식
,"달걀, 난백, 생것",15,,
,콩기름,7.5,,
스크램블에그,"달걀, 생것",75,볶음,한식
,우유,15,,
,콩기름,4.5,,
,소금,0.3,,
,"후추, 검은색, 가루",0.15,,
스크램블에그케첩,"달걀, 생것",75,반찬,한식
,우유,15,,
,토마토 케첩,7.5,,
,콩기름,4.5,,
,소금,0.3,,
,"후추, 검은색, 가루",0.15,,
시금치나물,"시금치, 생것",60,샐러드,한식
,"간장, 개량, 양조",0.75,,
,"마늘, 생것",0.75,,
,참기름,0.75,,
,"참깨, 흰색, 볶은것",0.75,,
,소금,0.15,,
시금치달걀볶음,"달걀, 생것",120,볶음,한식
,"시금치, 생것",30,,
,"파, 생것",3,,
,콩기름,1.5,,
,소금,0.6,,
,"후추, 검은색, 가루",0.3,,
시금치된장국,"시금치, 생것",37.5,국,한식
,"된장, 개량",6,,
,"파, 생것",4.5,,
,"멸치, 대멸치, 삶아서 말린것",3,,
,"다시마, 말린것",1.5,,
,"마늘, 생것",0.75,,
시금치두부무침,"시금치, 생것",105,샐러드,한식
,두부,22.5,,
,"파, 생것",1.5,,
,"마늘, 생것",0.75,,
,참기름,0.75,,
,소금,0.3,,
,"참깨, 흰색, 볶은것",0.3,,
시래기된장국,"무청, 시래기, 말린것, 삶은것",37.5,국,한식
,"된장, 개량",6,,
,"파, 생것",4.5,,
,"멸치, 대멸치, 삶아서 말린것",3,,
,"다시마, 말린것",1.5,,
,"마늘, 생것",0.75,,
시래기된장나물,"무청, 시래기, 말린것, 삶은것",52.5,샐러드,한식
,"양파, 생것",15,,
,"된장, 개량",3,,
,참기름,1.5,,
,"파, 대파, 생것",1.5,,
,"마늘, 생것",0.75,,
,"참깨, 흰색, 볶은것",0.75,,
식혜,"식혜, 캔",200,음료(간식),한식
실곤약채소무침,"곤약(구약나물), 국수형, 생것",37.5,샐러드,한식
,"오이, 취청, 생것",4.5,,
,"간장, 개량, 양조",3,,
,"당근, 뿌리, 생것",3,,
,"양파, 생것",3,,
,"설탕, 황설탕",1.5,,
,"식초, 사과식초",1.5,,
,"참깨, 흰색, 볶은것",1.5,,
,참기름,0.75,,
실파달걀국,두부,30,국,한식
,"순무, 뿌리, 생것",22.5,,
,"달걀, 생것",15,,
,"양파, 생것",7.5,,
,"파, 대파, 생것",7.5,,
,"멸치, 대멸치, 삶아서 말린것",3,,
,"간장, 개량, 양조",1.5,,
,"다시마, 말린것",1.5,,
,"풋마늘, 잎줄기, 생것",1.5,,
,"소금, 천일염, 소금꽃",0.75,,
,참기름,0.75,,
,"후추, 검은색, 가루",0.15,,
쌀과자,"멥쌀 과자, 쌀엿강정, 팽화",20,곡류(간식),한식
쑥갓나물,"쑥갓, 생것",52.5,샐러드,한식
,"마늘, 생것",0.75,,
,참기름,0.75,,
,"참깨, 흰색, 볶은것",0.75,,
,"파, 생것",0.75,,
,소금,0.45,,
쑥갓된장국,"쑥갓, 생것",52.5,국,한식
,"된장, 개량",11.25,,
,"파, 생것",4.5,,
,"멸치, 대멸치, 삶아서 말린것",3,,
,"마늘, 생것",0.75,,
쑥갓두부무침,두부,67.5,샐러드,한식
,"쑥갓, 생것",22.5,,
,"파, 대파, 생것",4.5,,
,"간장, 개량, 양조",1.5,,
,참기름,1.5,,
,"마늘, 생것",0.75,,
,소금,0.3,,
쑥갓어묵국,어묵,45,국,한식
,"무, 조선무, 생것",7.5,,
,"쑥갓, 생것",4.5,,
,"파, 대파, 생것",4.5,,
,"간장, 재래",2.25,,
,"다시마, 말린것",1.5,,
,"멸치, 대멸치, 삶아서 말린것",1.5,,
,"마늘, 생것",0.75,,
쑥된장국,"쑥, 생것",37.5,국,한식
,"된장, 개량",6,,
,"파, 생것",4.5,,
,"멸치, 대멸치, 삶아서 말린것",3,,
,"마늘, 생것",0.75,,
쑥떡,"멥쌀떡, 개피떡(바람떡)",50,곡류(간식),한식
쑥버무리,"쑥, 생것",55,곡류(간식),한식
,"밀, 중력밀가루",15,,
,"찹쌀, 백미, 가루",15,,
,"설탕, 백설탕",4.5,,
,소금,1.5,,
아귀찜,"아귀, 생것",105,찜,한식
,"콩나물, 생것",22.5,,
,고춧가루,9,,
,"간장, 재래",7.5,,
,"마늘, 생것",7.5,,
,"미나리, 돌미나리, 생것",7.5,,
,"미더덕, 생것",7.5,,
,"전분, 감자, 가루",7.5,,
,"파, 대파, 생것",4.5,,
,"들깨, 볶은것",3,,
,"설탕, 백설탕",3,,
,콩기름,3,,
,소금,1.5,,
,참기름,1.5,,
,"깨소금, 가루, 볶은것",0.45,,
,"후추, 검은색, 가루",0.15,,
아삭이고추된장무침,"고추, 오이고추, 생것",52.5,샐러드,한식
,"된장, 개량",2.7,,
,"파, 생것",2.25,,
,"마늘, 생것",0.3,,
,참기름,0.3,,
아욱된장국,"아욱, 생것",37.5,국,한식
,"된장, 개량",6,,
,"파, 생것",4.5,,
,"멸치, 대멸치, 삶아서 말린것",3,,
,"다시마, 말린것",1.5,,
,"마늘, 생것",0.75,,
아욱된장무침,"아욱, 생것",52.5,샐러드,한식
,"된장, 개량",2.7,,
,"파, 대파, 생것",2.25,,
,"마늘, 생것",0.3,,
,참기름,0.3,,
안동찜닭,"닭고기, 가슴, 생것",75,찜,한식
,"감자, 대지, 생것",22.5,,
,"양파, 생것",15,,
,"당면, 고구마, 말린것",10.5,,
,"간장, 개량, 산분해",7.5,,
,"당근, 뿌리, 생것",7.5,,
,"생강, 뿌리줄기, 생것",1.5,,
,"설탕, 황설탕",1.5,,
,"마늘, 생것",0.75,,
,참기름,0.75,,
,"소금, 천일염",0.3,,
,"후추, 검은색, 가루",0.15,,
알감자조림,"감자, 수미, 생것",60,조림,한식
,"간장, 개량, 양조",3.75,,
,콩기름,2.25,,
,물엿,0.75,,
,"설탕, 백설탕",0.75,,
,참기름,0.3,,
,"참깨, 흰색, 볶은것",0.15,,
알배기배추쌈쌈장,"배추, 생것",105,샐러드,한식
,쌈장,6,,
알배기쌈쌈장,"배추, 생것",105,샐러드,한식
,쌈장,4.5,,
알배추쌈쌈장,"배추, 생것",52.5,샐러드,한식
,쌈장,4.5,,
애느타리버섯볶음,"애느타리버섯, 생것",78.75,볶음,한식
,"파, 생것",4.5,,
,콩기름,3,,
,"간장, 재래",1.2,,
,"마늘, 생것",0.45,,
,참기름,0.45,,
,소금,0.3,,
,"참깨, 흰색, 볶은것",0.3,,
애느타리피망볶음,"애느타리버섯, 생것",60,볶음,한식
,"양파, 생것",15,,
,"피망, 초록색, 생것",15,,
,"피망, 빨간색, 생것",15,,
,콩기름,3,,
,"마늘, 생것",1.5,,
,"소금, 정제염",0.75,,
,참기름,0.75,,
,"참깨, 흰색, 볶은것",0.75,,
애호박고추장찌개,"감자, 대지, 생것",52.5,국,한식
,"양파, 생것",10.5,,
,"고추장, 개량",6,,
,"파, 생것",4.5,,
,"멸치, 대멸치, 삶아서 말린것",3,,
,"마늘, 생것",0.75,,
애호박나물,"호박, 애호박, 생것",52.5,샐러드,한식
,"양파, 생것",15,,
,"새우, 젓갈",3,,
,콩기름,1.5,,
,"마늘, 생것",0.75,,
,참기름,0.75,,
,"참깨, 흰색, 볶은것",0.45,,
애호박된장국,"호박, 애호박, 생것",52.5,국,한식
,"된장, 개량",6,,
,"파, 생것",4.5,,
,"멸치, 대멸치, 삶아서 말린것",3,,
,"마늘, 생것",0.75,,
애호박된장찌개,"호박, 애호박, 생것",30,국,한식
,"감자, 대지, 생것",15,,
,"양파, 생것",10.5,,
,"된장, 개량, 찌개용",6,,
,"파, 생것",4.5,,
,"멸치, 대멸치, 삶아서 말린것",3,,
,"마늘, 생것",0.75,,
애호박맑은국,"호박, 애호박, 생것",37.5,국,한식
,두부,22.5,,
,"양파, 생것",15,,
,"마늘, 생것",0.75,,
,"멸치, 대멸치, 삶아서 말린것",0.75,,
,"소금, 천일염",0.75,,
,"파, 생것",0.75,,
애호박베이컨볶음,"호박, 애호박, 생것",52.5,볶음,한식
,베이컨,15,,
,"양파, 생것",15,,
,"당근, 뿌리, 생것",7.5,,
,콩기름,3,,
,"마늘, 생것",0.75,,
,"참깨, 흰색, 볶은것",0.75,,
,소금,0.45,,
애호박볶음,"호박, 애호박, 생것",75,볶음,한식
,"파, 대파, 생것",4.5,,
,"간장, 개량, 양조",1.5,,
,콩기름,1.5,,
,"마늘, 생것",0.75,,
,소금,0.3,,
,참기름,0.15,,
애호박새우젓국,"호박, 애호박, 생것",30,국,한식
,"양파, 생것",7.5,,
,"새우, 젓갈",3,,
,"멸치, 대멸치, 삶아서 말린것",1.5,,
,"파, 대파, 생것",1.5,,
,"다시마, 말린것",0.75,,
애호박새우젓볶음,"호박, 애호박, 생것",63,볶음,한식
,"새우, 젓갈, 토굴육젓",18,,
,참기름,4.5,,
,"파, 생것",2.7,,
,"마늘, 생것",0.3,,
,소금,0.15,,
애호박전,"호박, 애호박, 생것",52.5,전,한식
,"달걀, 생것",7.5,,
,콩기름,7.5,,
,"밀, 중력밀가루",4.5,,
,소금,0.3,,
액상요구르트,"요구르트, 액상",75,우유(간식),한식
약과,"과자, 약과",30,곡류(간식),한식
약밥,"찹쌀떡, 약식",40,일품밥,한식
양갱,"양갱, 팥",30,곡류(간식),한식
양념깻잎지,"들깻잎, 생것",10.5,반찬,한식
,"당근, 뿌리, 생것",3,,
,"양파, 생것",3,,
,"간장, 개량, 산분해",1.5,,
,"고추, 빨간색, 말린것",1.5,,
,"멸치, 액젓",1.5,,
,"마늘, 생것",0.75,,
,매실청,0.75,,
,"참깨, 흰색, 볶은것",0.15,,
양념깻잎지무침,"들깻잎, 생것",15,샐러드,한식
,"당근, 뿌리, 생것",3.75,,
,"양파, 생것",3.75,,
,"간장, 개량, 양조",1.5,,
,고춧가루,1.5,,
,"마늘, 생것",0.75,,
,"설탕, 백설탕",0.3,,
,"참깨, 흰색, 볶은것",0.15,,
양배추나물,"양배추, 생것",52.5,샐러드,한식
,"파, 생것",2.25,,
,"간장, 재래",0.75,,
,"마늘, 생것",0.3,,
,참기름,0.3,,
,소금,0.15,,
,"참깨, 흰색, 볶은것",0.15,,
양배추부추무침,"양배추, 생것",22.5,샐러드,한식
,"부추, 재래종, 생것",4.5,,
,"당근, 뿌리, 생것",3,,
,"식초, 사과식초",1.5,,
,"설탕, 백설탕",0.75,,
,"깨소금, 가루, 볶은것",0.3,,
,소금,0.3,,
양배추샐러드,"양배추, 생것",30,샐러드,한식
,마요네즈,5.25,,
,토마토 케첩,2.25,,
양배추샐러드키위드레싱,"양배추, 생것",30,샐러드,한식
,"키위, 그린, 생것",22.5,,
,마요네즈,3,,
,물엿,1.5,,
,"식초, 양조",0.75,,
양배추쌈쌈장,"양배추, 생것",52.5,샐러드,한식
,쌈장,7.5,,
양배추찜,"양배추, 생것",52.5,찜,한식
,쌈장,4.5,,
양배추찜쌈장,"양배추, 생것",52.5,찜,한식
,쌈장,3,,
양배추콘샐러드,"옥수수, 통조림, 가당",52.5,샐러드,한식
,"양배추, 생것",30,,
,"양파, 생것",10.5,,
,마요네즈,3,,
양상추샐러드,"상추, 결구(양상추), 녹색, 생것",30,샐러드,한식
,"키위, 그린, 생것",30,,
,마요네즈,4.5,,
,"설탕, 백설탕",0.3,,
,"식초, 사과식초",0.15,,
양상추샐러드오리엔탈드레싱,"상추, 결구(양상추), 녹색, 생것",22.5,샐러드,한식
,"양배추, 생것",15,,
,"간장, 개량, 산분해",1.05,,
,"설탕, 가루",0.75,,
,"식초, 사과식초",0.53,,
,"깨소금, 가루, 볶은것",0.45,,
,올리브유,0.45,,
,참기름,0.45,,
양상추토마토샐러드발사믹드레싱,"토마토, 생것",75,샐러드,한식
,"상추, 결구(양상추), 녹색, 생것",30,,
,"식초, 포도식초",3,,
,"마늘, 생것",0.75,,
,"설탕, 백설탕",0.45,,
,올리브유,0.3,,
양송이들깨볶음,"양송이버섯, 생것",22.5,볶음,한식
,"당근, 뿌리, 생것",4.5,,
,"들깨, 말린것",4.5,,
,"양파, 생것",4.5,,
,"피망, 초록색, 생것",4.5,,
,콩기름,1.5,,
,들기름,0.75,,
,"마늘, 생것",0.75,,
,소금,0.75,,
양송이들깨탕,"양송이버섯, 생것",45,국,한식
,"들깨, 말린것",7.5,,
,"간장, 재래",4.5,,
,"파, 생것",4.5,,
,"마늘, 생것",1.5,,
,"멸치, 대멸치, 삶아서 말린것",1.5,,
,소금,0.75,,
양송이버섯볶음,"양송이버섯, 생것",120,볶음,한식
,소금,1.5,,
,콩기름,1.5,,
양송이스프,"스프, 크림 스프, 가루",22.5,국,한식
,우유,15,,
,"양송이버섯, 생것",7.5,,
,"양파, 생것",3,,
,버터,0.75,,
어묵곤약국,어묵,45,국,한식
,"곤약(구약나물), 판형, 생것",30,,
,"무, 조선무, 생것",7.5,,
,"멸치, 대멸치, 삶아서 말린것",3,,
,"파, 생것",1.5,,
,"간장, 재래",0.75,,
,"마늘, 생것",0.75,,
,소금,0.75,,
어묵쑥갓국,어묵,30,국,한식
,"쑥갓, 생것",15,,
,"파, 생것",7.5,,
,"멸치, 대멸치, 삶아서 말린것",3,,
,"간장, 재래",0.75,,
,"마늘, 생것",0.75,,
,소금,0.6,,
어향가지볶음,"가지, 생것",90,볶음,한식
,"양파, 생것",15,,
,콩기름,7.5,,
,"파, 생것",4.5,,
,"간장, 개량, 양조",2.25,,
,물엿,1.5,,
,"마늘, 생것",0.75,,
,"설탕, 가루",0.75,,
,"식초, 양조",0.45,,
,"전분, 감자, 가루",0.45,,
,"고추, 청양고추, 생것",0.3,,
얼갈이겉절이,"배추, 얼갈이배추, 생것",75,김치,한식
,"부추, 두메부추, 생것",30,,
,고춧가루,3,,
,"마늘, 깐마늘, 수입산, 생것",1.5,,
,"설탕, 가루",1.5,,
,"식초, 사과식초",1.5,,
,"간장, 재래",0.9,,
,참기름,0.9,,
얼갈이나물,"배추, 얼갈이배추, 생것",30,샐러드,한식
,"된장, 개량",4.5,,
,"마늘, 생것",1.5,,
,참기름,1.5,,
,"참깨, 흰색, 볶은것",1.5,,
,"파, 생것",1.5,,
얼갈이된장국,"배추, 얼갈이배추, 생것",37.5,국,한식
,"된장, 개량",6,,
,"파, 생것",4.5,,
,"멸치, 대멸치, 삶아서 말린것",3,,
,"다시마, 말린것",1.5,,
,"마늘, 생것",0.75,,
연근깨소스무침,"연근, 생것",30,샐러드,한식
,마요네즈,4.5,,
,"간장, 재래",1.5,,
,"참깨, 흰색, 볶은것",1.5,,
,"설탕, 백설탕",0.3,,
,"식초, 양조",0.3,,
,올리브유,0.3,,
,참기름,0.15,,
연근아몬드조림,"연근, 생것",67.5,조림,한식
,"아몬드, 볶은것",7.5,,
,"간장, 재래",1.8,,
,"식초, 사과식초",1.05,,
,"마늘, 생것",0.6,,
,물엿,0.6,,
,참기름,0.45,,
,콩기름,0.45,,
연근조림,"연근, 생것",35,조림,한식
,물엿,4,,
,"간장, 개량, 양조",2,,
,"청주, 알코올 16%",1,,
,"식초, 사과식초",0.5,,
,참기름,0.5,,
,"깨소금, 가루, 볶은것",0.3,,
연근튀김양념장,"연근, 생것",90,튀김,한식
,"밀, 중력밀가루",7.5,,
,콩기름,4.5,,
,"간장, 개량, 양조",1.5,,
,참기름,0.3,,
,"참깨, 흰색, 볶은것",0.15,,
연근흑임자소스무침,"연근, 생것",30,샐러드,한식
,마요네즈,4.5,,
,"간장, 개량, 양조",1.5,,
,"참깨, 검은색, 볶은것",1.5,,
,"설탕, 백설탕",0.3,,
,"식초, 사과식초",0.3,,
,올리브유,0.3,,
,참기름,0,,
연두부새싹채소샐러드,"두부, 연두부",40,샐러드,한식
,"간장, 개량, 양조",2,,
,"무순, 싹, 생것",1,,
,"비타민채(다채), 어린잎, 생것",1,,
,"양배추, 적색, 싹, 생것",1,,
,"마늘, 생것",0.2,,
,"설탕, 백설탕",0.2,,
,올리브유,0.2,,
,"식초, 사과식초",0.1,,
,참기름,0.1,,
,"참깨, 흰색, 볶은것",0.1,,
연두부찜양념장,"두부, 연두부",75,찜,한식
,"파, 대파, 생것",7.5,,
,"간장, 개량, 양조",4.5,,
,고춧가루,1.5,,
,"설탕, 백설탕",1.5,,
,"마늘, 생것",0.75,,
,참기름,0.75,,
,"참깨, 흰색, 볶은것",0.75,,
연양갱,"양갱, 팥",50,곡류(간식),한식
열무고추장나물,"열무, 생것",60,샐러드,한식
,"고추장, 개량",3,,
,참기름,1.5,,
,고춧가루,0.75,,
,"마늘, 생것",0.75,,
,"참깨, 흰색, 볶은것",0.75,,
열무김치,"김치, 열무 김치",20,김치,한식
열무나물,"열무, 생것",45,샐러드,한식
,"마늘, 생것",0.75,,
,참기름,0.75,,
,"깨소금, 가루, 볶은것",0.45,,
,"소금, 천일염",0.3,,
열무된장국,"열무, 생것",52.5,국,한식
,"된장, 개량",11.25,,
,"파, 생것",4.5,,
,"멸치, 대멸치, 삶아서 말린것",3,,
,"마늘, 생것",0.75,,
열무된장나물,"열무, 생것",90,샐러드,한식
,"된장, 개량, 찌개용",3,,
,"마늘, 깐마늘, 수입산, 생것",1.5,,
,"고추장, 개량",0.9,,
,"깨소금, 가루, 볶은것",0.6,,
,참기름,0.6,,
열무보리비빔밥,"보리, 쌀보리, 도정, 생것",80,일품밥,한식
,"김치, 열무 김치",24,,
,"오이, 다다기, 생것",12,,
,"당근, 뿌리, 생것",8,,
,"간장, 개량, 양조",5.6,,
,"표고버섯, 배지재배, 갓, 생것",5.6,,
,콩기름,1.6,,
,"파, 대파, 생것",1.6,,
,참기름,1.2,,
,"깨소금, 가루, 볶은것",0.8,,
,마늘 페이스트,0.48,,
영양찜닭,"닭고기, 성계, 생것",60,찜,한식
,"당근, 뿌리, 생것",7.5,,
,"밤, 생것",7.5,,
,"양파, 생것",7.5,,
,"파, 생것",7.5,,
,"간장, 개량, 양조",6,,
,"대추, 말린것",4.5,,
,"은행, 생것",4.5,,
,"설탕, 백설탕",3,,
,"마늘, 생것",1.5,,
,참기름,0.3,,
,"후추, 검은색, 가루",0.15,,
오곡밥,"멥쌀, 백미, 생것",45,밥,한식
,"찹쌀, 백미, 생것",20,,
,"수수, 도정, 생것",10,,
,"팥, 적색, 말린것",10,,
,"기장, 도정, 생것",5,,
오렌지,"오렌지, 생것",240,과일(간식),한식
오리불고기,"오리고기, 집오리, 살코기, 생것",60,볶음,한식
,"양파, 생것",15,,
,"파, 생것",7.5,,
,"고추장, 개량",4.5,,
,물엿,4.5,,
,콩기름,4.5,,
,"간장, 재래",3,,
,"마늘, 생것",3,,
,참기름,1.5,,
,"참깨, 흰색, 볶은것",0.3,,
,"후추, 검은색, 가루",0.15,,
오리주물럭,"오리고기, 집오리, 살코기, 생것",60,볶음,한식
,"양파, 생것",15,,
,"고추장, 개량",4.5,,
,물엿,4.5,,
,콩기름,4.5,,
,"파, 생것",4.5,,
,"간장, 재래",3,,
,"마늘, 생것",3,,
,참기름,1.5,,
오리주물럭볶음,"오리고기, 집오리, 살코기, 생것",90,볶음,한식
,"양파, 생것",15,,
,"부추, 산부추, 생것",7.5,,
,"파, 생것",7.5,,
,"고추장, 개량",4.5,,
,"간장, 재래",3,,
,물엿,3,,
,콩기름,2,,
,"마늘, 생것",1.5,,
,참기름,0.75,,
오리훈제채소무침,"오리고기, 생것, 껍질 포함",75,샐러드,한식
,"양배추, 생것",15,,
,"부추, 산부추, 생것",7.5,,
,"배추, 얼갈이배추, 생것",7.5,,
,"당근, 뿌리, 생것",4.5,,
,"오이, 취청, 생것",4.5,,
,"고추장, 개량",3,,
,"간장, 재래",1.5,,
,고춧가루,1.5,,
,참기름,1.5,,
,"파, 대파, 생것",1.5,,
,"마늘, 생것",1.2,,
,"식초, 양조",0.75,,
,"멸치, 액젓",0.3,,
,"참깨, 흰색, 볶은것",0.3,,
오리훈제채소볶음,"오리고기, 집오리, 살코기, 생것",70,볶음,한식
,"큰느타리버섯(새송이버섯), 생것",35,,
,"당근, 뿌리, 생것",5,,
,"양파, 생것",5,,
,"마늘, 생것",1,,
,"파, 대파, 생것",1,,
,"참깨, 흰색, 볶은것",0.1,,
오미자차,"오미자, 말린것",4,음료(간식),한식
오복지들기름무침,무장아찌,22.5,샐러드,한식
,들기름,3,,
,"파, 쪽파, 생것",3,,
,"참깨, 흰색, 볶은것",0.75,,
오복지무침,"무 절임, 단무지",45,샐러드,한식
,고춧가루,2.25,,
,참기름,1.5,,
,"참깨, 흰색, 볶은것",0.75,,
오삼불고기,"돼지고기, 앞다리(꾸리살), 생것",45,볶음,한식
,"오징어, 생것",45,,
,"양배추, 생것",15,,
,"당근, 뿌리, 생것",10.5,,
,"양파, 생것",10.5,,
,물엿,6,,
,콩기름,4.5,,
,"파, 대파, 생것",3,,
,"간장, 재래",2.25,,
,"고추장, 개량",1.5,,
,"마늘, 생것",1.5,,
,맛술,1.5,,
,"설탕, 백설탕",1.5,,
,"생강, 뿌리줄기, 생것",0.75,,
,참기름,0.75,,
,"파, 생것",0.75,,
,"후추, 검은색, 가루",0.75,,
,고춧가루,0.3,,
오이나물,"오이, 다다기, 생것",52.5,샐러드,한식
,참기름,2.25,,
,"파, 생것",2.25,,
,"간장, 재래",0.75,,
,"마늘, 생것",0.3,,
,소금,0.15,,
,"참깨, 흰색, 볶은것",0.15,,
오이냉국,생수,321,국,한식
,"오이, 다다기, 생것",60,,
,"양파, 생것",15,,
,"설탕, 백설탕",9,,
,"식초, 사과식초",4.5,,
,"간장, 재래",1.5,,
,"파, 대파, 생것",1.5,,
,"고추, 빨간색, 생것",0.75,,
,"고추, 청양고추, 생것",0.75,,
,소금,0.45,,
,"마늘, 생것",0.15,,
,"참깨, 흰색, 볶은것",0.15,,
오이맛살냉채,"오이, 다다기, 생것",60,샐러드,한식
,"게맛살, 어육함량이 낮은것",45,,
,"당근, 뿌리, 생것",7.5,,
,"파프리카, 빨간색, 생것",7.5,,
,"간장, 재래",3,,
,겨자 페이스트,0.75,,
,"마늘, 생것",0.3,,
,"설탕, 백설탕",0.3,,
,"식초, 사과식초",0.3,,
,"참깨, 흰색, 볶은것",0.15,,
오이무침,"오이, 다다기, 생것",52.5,샐러드,한식
,"간장, 재래",3,,
,"파, 생것",2.25,,
,"설탕, 가루",0.75,,
,고춧가루,0.3,,
,"마늘, 생것",0.3,,
,참기름,0.3,,
,"참깨, 흰색, 볶은것",0.15,,
오이미역냉국,"오이, 다다기, 생것",15,국,한식
,"설탕, 백설탕",6,,
,"미역, 말린것",4.5,,
,"깨소금, 가루, 볶은것",3,,
,"식초, 양조",3,,
,마늘 페이스트,1.5,,
,"간장, 재래",0.9,,
오이생채,"오이, 취청, 생것",45,샐러드,한식
,"양파, 생것",13.5,,
,"고추장, 재래",9,,
,"식초, 쌀식초",4.5,,
,"파, 대파, 생것",3,,
,"간장, 재래",1.5,,
,고춧가루,1.5,,
,"마늘, 생것",1.5,,
,"설탕, 백설탕",1.5,,
,"참깨, 흰색, 볶은것",1.5,,
오이양파무침,"오이, 다다기, 생것",40,샐러드,한식
,"양파, 생것",13,,
,"간장, 재래",2,,
,"파, 생것",1.5,,
,고춧가루,0.2,,
,"마늘, 생것",0.2,,
,"식초, 사과식초",0.2,,
,"참깨, 흰색, 볶은것",0.1,,
오징어간장조림,"오징어, 생것",90,조림,한식
,"양배추, 생것",15,,
,"당근, 뿌리, 생것",7.5,,
,"양파, 생것",7.5,,
,"간장, 개량, 양조",4.5,,
,"파, 대파, 생것",1.5,,
,"마늘, 생것",0.75,,
,"설탕, 백설탕",0.75,,
,참기름,0.75,,
,"생강, 뿌리줄기, 생것",0.15,,
,"참깨, 흰색, 볶은것",0.15,,
오징어굴소스볶음,"오징어, 생것",90,볶음,한식
,"피망, 초록색, 생것",15,,
,"당근, 뿌리, 생것",7.5,,
,"양파, 생것",7.5,,
,굴 소스,3,,
,"청주, 알코올 16%",3,,
,콩기름,3,,
,"마늘, 생것",1.5,,
,"설탕, 백설탕",1.5,,
,"파, 생것",1.5,,
,"간장, 개량, 양조",0.75,,
,"후추, 검은색, 가루",0.15,,
오징어굴소스조림,"오징어, 생것",67.5,조림,한식
,"양파, 생것",15,,
,굴 소스,10.5,,
,"당근, 뿌리, 생것",7.5,,
,"파, 생것",7.5,,
,콩기름,4.5,,
,참기름,3,,
,"마늘, 생것",1.5,,
,"후추, 검은색, 가루",0.15,,
오징어뭇국,"오징어, 생것",60,국,한식
,"무, 조선무, 생것",30,,
,"양파, 생것",9,,
,"멸치, 대멸치, 삶아서 말린것",3,,
,"파, 대파, 생것",3,,
,"다시마, 말린것",1.5,,
,마늘 페이스트,1.5,,
,"간장, 재래",0.9,,
오징어볶음,"오징어, 생것",60,볶음,한식
,"양파, 생것",15,,
,"당근, 뿌리, 생것",7.5,,
,"파, 생것",7.5,,
,"고추장, 개량",4.5,,
,물엿,4.5,,
,콩기름,4.5,,
,"간장, 재래",3,,
,"마늘, 생것",3,,
,참기름,1.5,,
오징어초무침,"오징어, 생것",120,샐러드,한식
,"배, 만풍, 생것",45,,
,"오이, 다다기, 생것",45,,
,"당근, 뿌리, 생것",15,,
,"파, 생것",4.5,,
,고춧가루,3,,
,"간장, 재래",1.5,,
,"마늘, 생것",0.75,,
,"식초, 사과식초",0.75,,
,"설탕, 백설탕",0.3,,
오향장육,"돼지고기, 앞다리, 생것",90,반찬,한식
,"파, 대파, 생것",15,,
,"간장, 개량, 양조",11.25,,
,"마늘, 생것",2.25,,
,물엿,2.25,,
,"설탕, 백설탕",2.25,,
,"청주, 알코올 16%",2.25,,
,참기름,0.45,,
,"후추, 검은색, 가루",0.15,,
옥수수김치전,"김치, 배추 김치",60,김치,한식
,"밀, 부침가루",22.5,,
,"옥수수, 통조림, 가당",18,,
,"양파, 생것",9,,
,콩기름,7.5,,
,소금,0.3,,
옥수수달걀찜,"달걀, 생것",75,찜,한식
,"옥수수, 통조림, 가당",22.5,,
,"당근, 뿌리, 생것",6,,
,"양파, 생것",4.5,,
,"파, 생것",1.5,,
,소금,0.6,,
,참기름,0.3,,
옥수수전,"옥수수, 단옥수수, 찐것",45,전,한식
,생수,22.5,,
,"달걀, 생것",7.5,,
,"밀, 부침가루",7.5,,
,"밀, 중력밀가루",7.5,,
,콩기름,7.5,,
,"당근, 뿌리, 생것",4.5,,
,"양파, 생것",4.5,,
,소금,0.15,,
,"후추, 검은색, 가루",0.15,,
옥수수차,"옥수수, 메옥수수, 말린것",1,음료(간식),한식
옥수수채소전,"옥수수, 통조림, 가당",22.5,전,한식
,"달걀, 생것",15,,
,"양파, 생것",15,,
,"피망, 초록색, 생것",15,,
,"당근, 뿌리, 생것",10.5,,
,"밀, 중력밀가루",7.5,,
,콩기름,4.5,,
,"소금, 천일염",0.45,,
,"후추, 검은색, 가루",0.3,,
온도토리묵국,도토리묵,150,국,한식
,"김치, 배추 김치",12,,
,"파, 생것",4.5,,
,"멸치, 대멸치, 삶아서 말린것",3,,
,참기름,2.25,,
,"간장, 재래",0.75,,
,"김, 참김, 말린것",0.75,,
,"마늘, 생것",0.75,,
온두부찜,두부,90,찜,한식
올방개묵무침,녹두묵,105,샐러드,한식
,"오이, 다다기, 생것",15,,
,"당근, 뿌리, 생것",7.5,,
,"간장, 개량, 산분해",3,,
,"설탕, 백설탕",1.5,,
,참기름,1.5,,
,"파, 생것",1.5,,
,"마늘, 생것",1.05,,
,"참깨, 검은색, 볶은것",0.3,,
왕새우튀김초간장,"새우, 대하, 생것",75,튀김,한식
,"밀, 튀김가루",15,,
,"달걀, 생것",7.5,,
,"밀, 빵가루",7.5,,
,콩기름,7.5,,
,"간장, 개량, 양조",4.5,,
,"식초, 사과식초",4.5,,
,"후추, 검은색, 가루",0.75,,
,소금,0,,
요구르트,"요구르트, 액상",70,우유(간식),한식
요플레,"요구르트, 호상, 딸기맛",100,우유(간식),한식
우거지된장국,생수,310.5,국,한식
,"배추, 데친것",75,,
,"양파, 생것",7.5,,
,"파, 대파, 생것",7.5,,
,"된장, 재래",4.5,,
,"마늘, 생것",1.5,,
,"멸치, 대멸치, 삶아서 말린것",1.5,,
,고춧가루,0.75,,
우렁강된장찌개,"된장, 개량",30,국,한식
,"감자, 대지, 생것",22.5,,
,"양파, 생것",22.5,,
,"당근, 뿌리, 생것",15,,
,"우렁이, 왕우렁, 생것",15,,
,"호박, 애호박, 생것",15,,
,"다시마, 생것",2.25,,
,"멸치, 중멸치, 삶아서 말린것",2.25,,
,"마늘, 생것",1.5,,
,"설탕, 백설탕",1.5,,
우렁된장국,"우렁이, 논우렁이, 생것",60,국,한식
,"양파, 생것",15,,
,"된장, 개량, 찌개용",13.5,,
,"멸치, 대멸치, 삶아서 말린것",4.5,,
,"파, 대파, 생것",4.5,,
,"마늘, 생것",0.75,,
우렁된장찌개,"우렁이, 논우렁이, 생것",60,국,한식
,"양파, 생것",30,,
,"된장, 개량",22.5,,
,"부추, 재래종, 생것",22.5,,
,"파, 생것",4.5,,
,"마늘, 생것",1.5,,
,"소금, 정제염",1.5,,
우무냉국,우뭇가사리묵(우무),45,국,한식
,"오이, 다다기, 생것",30,,
,"대두, 콩가루",7.5,,
,"소금, 정제염",0.75,,
우사골파국,"우족국물, 중량3배물",150,국,한식
,"소고기, 한우(1++등급), 양지, 생것",22.5,,
,"달걀, 생것",15,,
,"양파, 생것",15,,
,"당근, 뿌리, 생것",7.5,,
,"파, 대파, 생것",4.5,,
,"김, 참김, 구운것",3,,
,"간장, 개량, 양조",1.5,,
,"마늘, 생것",0.75,,
,"후추, 검은색, 가루",0.15,,
우엉들깨무침,"우엉, 생것",37.5,샐러드,한식
,"간장, 재래",4.5,,
,"들깨, 말린것",3,,
,"마늘, 생것",3,,
,"파, 대파, 생것",3,,
,참기름,1.5,,
우엉조림,"우엉, 생것",30,조림,한식
,"간장, 개량, 양조",4.5,,
,물엿,3,,
,맛술,1.5,,
,"깨소금, 가루, 볶은것",0.75,,
,"식초, 사과식초",0.75,,
,참기름,0.75,,
우엉채볶음,"우엉, 생것",52.5,볶음,한식
,"간장, 개량, 양조",3,,
,"설탕, 백설탕",2.25,,
,콩기름,2.25,,
,"마늘, 생것",0.75,,
,"식초, 사과식초",0.75,,
,참기름,0.45,,
,"깨소금, 가루, 볶은것",0.15,,
우엉채아몬드조림,"우엉, 생것",30,조림,한식
,"아몬드, 볶은것",7.5,,
,"간장, 개량, 양조",3.75,,
,물엿,1.5,,
,"식초, 사과식초",1.5,,
,참기름,0.3,,
우유,우유,100,우유(간식),한식
우유미숫가루,우유,150,우유(간식),한식
,"미숫가루, 혼합곡물",15,,
,"설탕, 백설탕",2.5,,
유과,"찹쌀 과자, 유과",20,반찬,한식
유부김칫국,"김치, 배추 김치",22.5,국,한식
,"두부, 유부",22.5,,
,"파, 생것",4.5,,
,"멸치, 대멸치, 삶아서 말린것",3,,
,"마늘, 생것",0.75,,
,소금,0.15,,
유부된장국,"두부, 유부",15,국,한식
,"된장, 개량",6,,
,"파, 생것",3.75,,
,"멸치, 대멸치, 삶아서 말린것",3,,
,"다시마, 말린것",1.5,,
,"마늘, 생것",0.75,,
유부맑은국,"두부, 유부",15,국,한식
,"청주, 알코올 16%",7.5,,
,"간장, 재래",3,,
,"파, 생것",1.5,,
,"다랑어, 가다랑어 육수",0.75,,
,"다시마, 생것",0.75,,
유부미소국,"두부, 유부",10.5,국,한식
,"된장, 개량",4.5,,
,"파, 대파, 생것",1.5,,
,"다시마, 말린것",0.75,,
,"마늘, 생것",0.75,,
,"멸치, 대멸치, 삶아서 말린것",0.75,,
유부어묵우동,"우동면, 생것",150,면,한식
,어묵,22.5,,
,"두부, 유부",15,,
,"쑥갓, 생것",15,,
,"간장, 재래",3.75,,
,"파, 생것",2.25,,
,"멸치, 대멸치, 삶아서 말린것",1.5,,
,"마늘, 생것",0.38,,
유부장국,"두부, 유부",15,국,한식
,"된장, 개량",6,,
,"파, 생것",3.75,,
,"멸치, 대멸치, 삶아서 말린것",3,,
,"다시마, 말린것",1.5,,
,"마늘, 생것",0.75,,
유자차,유자청,10,음료(간식),한식
유채나물,"유채, 잎, 생것",52.5,샐러드,한식
,"간장, 재래",1.5,,
,"파, 실파, 생것",1.5,,
,"마늘, 생것",0.75,,
,참기름,0.3,,
,"참깨, 흰색, 볶은것",0.3,,
유채나물무침,"유채, 잎, 생것",52.5,샐러드,한식
,"파, 생것",2.25,,
,"간장, 재래",0.75,,
,"마늘, 생것",0.3,,
,참기름,0.3,,
,소금,0.15,,
유채된장국,"유채, 잎, 생것",52.5,국,한식
,"된장, 개량",6,,
,"파, 생것",4.5,,
,"멸치, 대멸치, 삶아서 말린것",3,,
,"마늘, 생것",0.75,,
육개장,"소고기, 한우, 양지, 생것",37.5,국,한식
,"숙주나물, 생것",15,,
,"배추, 얼갈이배추, 생것",15,,
,"고사리, 데친것",7.5,,
,"무, 조선무, 생것",7.5,,
,"파, 생것",4.5,,
,"간장, 재래",0.75,,
,고춧가루,0.75,,
,"마늘, 생것",0.75,,
,소금,0.6,,
,"후추, 검은색, 가루",0.15,,
육원전,"소고기, 한우(1등급), 등심, 생것",45,전,한식
,두부,37.5,,
,"달걀, 생것",7.5,,
,"밀, 통밀가루",3.75,,
,참기름,1.5,,
,콩기름,1.5,,
,소금,0.3,,
,"후추, 흰색, 가루",0.15,,
으깬고구마범벅,"고구마, 분질(밤) 고구마, 생것",52.5,곡류(간식),한식
,마요네즈,7.5,,
,"당근, 뿌리, 생것",4.5,,
,"포도, 건포도",3,,
임연수구이,"임연수어, 생것",90,구이,한식
,"밀, 중력밀가루",7.5,,
,콩기름,7.5,,
,소금,0.3,,
임연수무조림,"임연수어, 생것",90,조림,한식
,"순무, 전체, 생것",45,,
,"간장, 개량, 양조",7.5,,
,"파, 생것",1.5,,
,"마늘, 생것",1.05,,
,"청주, 알코올 16%",0.75,,
임연수양념찜,"임연수어, 생것",105,찜,한식
,"파, 생것",7.5,,
,"간장, 개량, 양조",4.5,,
,"마늘, 생것",3,,
,참기름,3,,
,"설탕, 백설탕",2.25,,
,고춧가루,0.6,,
,"참깨, 흰색, 볶은것",0.3,,
임연수카레구이,"임연수어, 생것",67.5,구이,한식
,콩기름,3.75,,
,"카레 소스, 가루",1.5,,
,소금,0.3,,
작두콩차,"작두(도두), 생것",1,음료(간식),한식
잔멸치건포도볶음,"멸치, 잔멸치, 삶아서 말린것",22.5,볶음,한식
,"돼지 부산물, 허파, 삶은것",7.5,,
,"간장, 개량, 양조",4.5,,
,콩기름,3,,
,물엿,1.5,,
,"부추, 호부추, 데친것",1.5,,
,참기름,1.5,,
잔멸치꽈리고추볶음,"멸치, 잔멸치, 삶아서 말린것",30,볶음,한식
,"고추, 꽈리고추, 생것",7.5,,
,"간장, 개량, 양조",3,,
,"간장, 재래",3,,
,물엿,3,,
,"설탕, 가루",1.5,,
,"참깨, 흰색, 볶은것",1.5,,
잔멸치호두볶음,"멸치, 잔멸치, 삶아서 말린것",30,볶음,한식
,"호두, 볶은것",15,,
,"간장, 재래",3,,
,물엿,1.5,,
,"마늘, 생것",0.75,,
,참기름,0.75,,
,"설탕, 백설탕",0.3,,
잔치국수,생수,621,면,한식
,"국수, 소면, 말린것, 삶은것",240,,
,"당근, 뿌리, 생것",7.5,,
,"양파, 생것",7.5,,
,"호박, 애호박, 생것",7.5,,
,"파, 대파, 생것",4.5,,
,"간장, 재래",3,,
,"멸치, 대멸치, 삶아서 말린것",1.5,,
,"김, 참김, 말린것",0.75,,
,콩기름,0.75,,
,소금,0.3,,
,"후추, 검은색, 가루",0.15,,
잡곡밥,"멥쌀, 백미, 생것",72,밥,한식
,"잡곡, 현미, 찹쌀, 현미찹쌀, 보리 등, 생것",8,,
장각삼계탕,"닭고기, 다리(넓적다리), 생것",90,국,한식
,"파, 대파, 생것",18,,
,"대추, 말린것",3,,
,"마늘, 생것",3,,
,소금,1.5,,
,"후추, 검은색, 가루",0.75,,
저염물김치,"배추, 생것",20,김치,한식
,"배, 신고, 생것",5,,
,"순무, 뿌리, 생것",5,,
,"양파, 생것",5,,
,고춧가루,3,,
,"파, 쪽파, 생것",3,,
,"마늘, 생것",0.2,,
,"생강, 뿌리줄기, 생것",0.2,,
저염오이김치,"오이, 다다기, 생것",50,김치,한식
,"생강, 뿌리줄기, 생것",1,,
,물,30,,
,참기름,1.3,,
,"식초, 양조",14,,
,"설탕, 백설탕",6,,
,"소금, 정제염",0.5,,
,고추기름,13,,
적어구이,"장문볼락, 생것",90,구이,한식
,"밀, 중력밀가루",9,,
,콩기름,4.5,,
,소금,0.6,,
적어조림,"삼치, 생것",105,조림,한식
,"무, 조선무, 생것",45,,
,"파, 대파, 생것",7.5,,
,"간장, 개량, 양조",6,,
,마늘 페이스트,6,,
,생강 페이스트,1.5,,
,"소금, 정제염",0.75,,
제육고추장불고기,"돼지고기, 등심, 생것",90,볶음,한식
,"양파, 생것",15,,
,"고추장, 재래",9,,
,"파, 생것",7.5,,
,콩기름,6,,
,"마늘, 생것",3,,
,"간장, 개량, 양조",0.6,,
,"설탕, 백설탕",0.6,,
,"참깨, 흰색, 볶은것",0.6,,
,고춧가루,0.3,,
제육김치볶음,"돼지고기, 살코기, 생것",90,김치,한식
,"양파, 생것",15,,
,물엿,9,,
,"김치, 배추 김치",7.5,,
,"파, 생것",7.5,,
,콩기름,1.05,,
,"마늘, 생것",0.75,,
,"간장, 재래",0.45,,
,"고추장, 재래",0.45,,
,참기름,0.45,,
제육버섯볶음,"돼지고기, 앞다리, 생것",90,볶음,한식
,"큰느타리버섯(새송이버섯), 생것",22.5,,
,"양파, 생것",10.5,,
,"파, 생것",10.5,,
,"간장, 재래",4.5,,
,"고추장, 개량",4.5,,
,콩기름,3,,
,"마늘, 생것",1.5,,
,물엿,1.5,,
,참기름,0.75,,
제육볶음,"돼지고기, 삼겹살(삼겹살), 생것",45,볶음,한식
,"양파, 생것",7.5,,
,"고추장, 개량",4.5,,
,"간장, 재래",3,,
,물엿,3,,
,콩기름,1.5,,
,"파, 생것",1.5,,
,"마늘, 생것",0.3,,
,참기름,0.15,,
제육불고기,"돼지고기, 등심, 생것",60,볶음,한식
,"양파, 생것",15,,
,"고추장, 재래",7.5,,
,콩기름,4.5,,
,"파, 생것",4.5,,
,"간장, 재래",3,,
,"설탕, 백설탕",3,,
,"마늘, 생것",1.5,,
,참기름,0.75,,
,"참깨, 검은색, 볶은것",0.75,,
,"생강, 뿌리줄기, 생것",0.3,,
,"후추, 검은색, 가루",0.15,,
제육통마늘볶음,"돼지고기, 목심, 생것",0,볶음,한식
,"마늘, 생것",12,,
,"양배추, 생것",7.5,,
,"양파, 생것",7.5,,
,"간장, 재래",4.5,,
,"당근, 뿌리, 생것",4.5,,
,콩기름,3,,
,"파, 대파, 생것",3,,
,"고추장, 개량",1.5,,
,고춧가루,1.5,,
,"생강, 뿌리줄기, 생것",1.5,,
,소금,1.5,,
,"고추, 풋고추, 생것",0.75,,
,"설탕, 백설탕",0.75,,
,참기름,0.75,,
,"참깨, 흰색, 볶은것",0.75,,
제육파채불고기,"돼지고기, 뒷다리, 생것",90,볶음,한식
,"파, 생것",22.5,,
,"당근, 뿌리, 생것",11.25,,
,"양파, 생것",11.25,,
,"간장, 개량, 양조",4.5,,
,콩기름,3.75,,
,"마늘, 생것",1.5,,
,"설탕, 백설탕",0.75,,
,참기름,0.3,,
,"후추, 검은색, 가루",0.15,,
제육팽이버섯볶음,"돼지고기, 등심, 생것",90,볶음,한식
,"팽이버섯, 생것",22.5,,
,"양파, 생것",7.5,,
,"간장, 재래",4.5,,
,"파, 생것",4.5,,
,콩기름,3,,
,물엿,2.25,,
,참기름,2.25,,
,"마늘, 생것",1.12,,
,"설탕, 백설탕",1.12,,
,"청주, 알코올 16%",1.12,,
,"후추, 검은색, 가루",0.45,,
조갯살맑은국,"바지락, 통조림",60,국,한식
,"무, 조선무, 생것",15,,
,"파, 생것",4.5,,
,"마늘, 생것",0.75,,
,소금,0.75,,
조기양념찜,"조기(참조기), 생것",120,찜,한식
,"파, 대파, 생것",11.25,,
,"간장, 재래",3,,
,고춧가루,2.25,,
,"마늘, 생것",1.2,,
,참기름,0.45,,
,"참깨, 흰색, 볶은것",0.3,,
주꾸미볶음,"주꾸미, 생것",105,볶음,한식
,"당근, 뿌리, 생것",24,,
,"양파, 생것",24,,
,"양배추, 생것",15,,
,"간장, 재래",9,,
,"파, 생것",6,,
,"설탕, 백설탕",4.8,,
,"고추장, 개량",3,,
,"마늘, 생것",3,,
,참기름,1.5,,
,콩기름,1.5,,
,"참깨, 흰색, 볶은것",0.9,,
주키니호박볶음,"호박, 쥬키니, 생것",37.5,볶음,한식
,"파, 생것",2.25,,
,"간장, 개량, 양조",0.75,,
,콩기름,0.75,,
,"마늘, 생것",0.3,,
,소금,0.15,,
,참기름,0.15,,
죽봉어묵조림,"어묵, 구운것",40,조림,한식
,"간장, 개량, 산분해",5,,
,물엿,2,,
,"설탕, 백설탕",1,,
,콩기름,1,,
,"마늘, 생것",0.5,,
,"깨소금, 가루, 볶은것",0.3,,
죽순들깨볶음,"대나무순(죽순), 생것",35,볶음,한식
,"파, 생것",3,,
,"간장, 개량, 양조",2,,
,"들깨, 볶은것",2,,
,"마늘, 생것",2,,
,소금,1,,
,참기름,1,,
,콩기름,1,,
죽순채들깨볶음,"대나무순(죽순), 생것",105,볶음,한식
,"양파, 생것",7.5,,
,"들깨, 볶은것",2.25,,
,"파, 생것",2.25,,
,"간장, 개량, 양조",0.75,,
,"마늘, 생것",0.75,,
,참기름,0.75,,
,콩기름,0.75,,
죽순채볶음,"대나무순(죽순), 삶은것",45,볶음,한식
,콩기름,4.5,,
,"파, 생것",4.5,,
,"간장, 개량, 양조",3,,
,"마늘, 생것",1.5,,
,참기름,1.5,,
,"후추, 검은색, 가루",0,,
죽순채파프리카볶음,"대나무순(죽순), 통조림",60,볶음,한식
,"파프리카, 빨간색, 생것",22.5,,
,"파프리카, 주황색, 생것",22.5,,
,"양파, 생것",15,,
,"간장, 개량, 양조",4.5,,
,콩기름,3,,
,"파, 대파, 생것",3,,
,"마늘, 생것",1.5,,
,물엿,1.5,,
,참기름,1.5,,
,"참깨, 흰색, 볶은것",0.75,,
,"후추, 검은색, 가루",0.3,,
죽순채피망볶음,"대나무순(죽순), 생것",90,볶음,한식
,"피망, 초록색, 생것",30,,
,"당근, 뿌리, 생것",15,,
,"양파, 생것",15,,
,"파, 생것",3,,
,"간장, 개량, 양조",1.5,,
,콩기름,1.5,,
,"마늘, 생것",0.75,,
,소금,0.45,,
,참기름,0.45,,
쥐어채볶음,"쥐치, 생것",45,볶음,한식
,"설탕, 백설탕",7.5,,
,콩기름,4.5,,
,참기름,1.5,,
,"참깨, 검은색, 말린것",1.2,,
증편,"멥쌀떡, 증편",50,곡류(간식),한식
진미도라지생채,"도라지, 뿌리, 생것",30,샐러드,한식
,"오징어, 조미훈제",30,,
,"파, 생것",2,,
,"간장, 개량, 양조",1.5,,
,"고추장, 개량",1.5,,
,고춧가루,0.3,,
,"마늘, 생것",0.3,,
,"설탕, 백설탕",0.3,,
,"식초, 사과식초",0.15,,
진미채무침,"오징어, 조미훈제",22.5,샐러드,한식
,"고추장, 개량",10.5,,
,"설탕, 가루",1.5,,
,콩기름,0.75,,
,"마늘, 생것",0.45,,
,"깨소금, 가루, 볶은것",0.3,,
,참기름,0.15,,
짜사이무침,무말랭이 무침,22.5,샐러드,한식
짜사이채무침,"오이지, 염절임",60,샐러드,한식
,고추기름,6.75,,
,맛술,2,,
,"설탕, 백설탕",2,,
,"식초, 사과식초",2,,
,"파, 대파, 생것",1.5,,
,참기름,0.3,,
짜장밥,"멥쌀, 백미, 밥",90,일품밥,한식
,"감자, 대지, 생것",30,,
,"양배추, 생것",30,,
,"양파, 생것",25,,
,"돼지고기, 뒷다리, 생것",20,,
,"짜장 소스, 춘장",18,,
,"호박, 애호박, 생것",15,,
,"당근, 뿌리, 생것",10,,
,콩기름,5,,
,"설탕, 백설탕",4,,
,"전분, 감자, 가루",3,,
,"마늘, 생것",1,,
,소금,1,,
짬뽕국,"새우, 중하, 생것",30,국,한식
,"오징어, 갑오징어, 생것",22.5,,
,"양배추, 생것",15,,
,"양파, 생것",15,,
,"조개, 살조개, 생것",7.5,,
,고춧가루,4.5,,
,"다시마, 말린것",4.5,,
,"멸치, 잔멸치, 삶아서 말린것",4.5,,
,"파, 대파, 생것",4.5,,
,"간장, 재래",3,,
,"마늘, 생것",3,,
,콩기름,3,,
,소금,2.25,,
쪽파무생채,"무, 조선무, 생것",45,샐러드,한식
,"파, 쪽파, 생것",15,,
,고춧가루,1.5,,
,"멸치, 액젓",1.5,,
,"설탕, 백설탕",1.5,,
,"식초, 양조",1.2,,
,"마늘, 생것",0.75,,
,소금,0.45,,
,참기름,0.45,,
,"참깨, 흰색, 볶은것",0.45,,
찐감자,"감자, 대지, 생것",140,찜,한식
찐고구마,"고구마, 분질(밤) 고구마, 생것",80,찜,한식
찐만두양념장,"만두, 고기 만두, 냉동",90,찜,한식
,"간장, 재래",7.5,,
,"당근, 뿌리, 생것",1.5,,
,"양파, 생것",1.5,,
,"파, 쪽파, 생것",1.5,,
,"식초, 감식초",0.75,,
,참기름,0.3,,
찐만두초간장,"만두, 고기 만두",90,찜,한식
,"간장, 개량, 양조",3.6,,
,고춧가루,1.5,,
,"설탕, 가루",1.5,,
,"식초, 사과식초",0.75,,
찐빵,"빵, 찐빵, 팥",50,일품(간식),한식
찐옥수수,"옥수수, 단옥수수, 생것",100,찜,한식
찜닭,"닭고기, 성계, 생것",67.5,찜,한식
,"당근, 뿌리, 생것",10.5,,
,"양파, 생것",10.5,,
,"파, 생것",7.5,,
,"간장, 개량, 양조",6,,
,"설탕, 백설탕",3.75,,
,참기름,3,,
,"마늘, 생것",1.5,,
,"후추, 검은색, 가루",0.3,,
차돌박이숙주볶음,"소고기, 한우(1++등급), 양지(차돌박이), 생것",45,볶음,한식
,"숙주나물, 생것",7.5,,
,"간장, 개량, 양조",4.5,,
,콩기름,3.75,,
,"파, 생것",3,,
,"마늘, 생것",1.5,,
,참기름,0.3,,
,"후추, 검은색, 가루",0.15,,
참나물겉절이,"참나물, 재배, 생것",105,샐러드,한식
,"파, 생것",3.75,,
,"멸치, 액젓",2.25,,
,고춧가루,0.45,,
,"마늘, 생것",0.45,,
,참기름,0.45,,
,"설탕, 백설탕",0.3,,
참나물무침,"참나물, 재배, 생것",52.5,샐러드,한식
,"마늘, 생것",0.75,,
,소금,0.75,,
,참기름,0.75,,
참외,"참외, 생것, 씨 포함",100,과일(간식),한식
참치김치볶음,"다랑어, 가다랑어, 통조림, 유지",60,볶음,한식
,"김치, 배추 김치",15,,
,콩기름,3,,
,참기름,1.5,,
,"후추, 검은색, 가루",0.15,,
참치김치전,"다랑어, 가다랑어, 통조림, 유지",45,김치,한식
,"김치, 배추 김치",30,,
,"밀, 부침가루",22.5,,
,"양파, 생것",15,,
,"부추, 재래종, 생것",7.5,,
,콩기름,4.5,,
,소금,0.3,,
참치김치찌개,"김치, 배추 김치",60,국,한식
,"다랑어, 가다랑어, 통조림, 유지",37.5,,
,"양파, 생것",15,,
,"파, 대파, 생것",7.5,,
,"간장, 개량, 양조",1.5,,
,"마늘, 생것",1.5,,
,"멸치, 대멸치, 삶아서 말린것",1.5,,
,고춧가루,0.75,,
,소금,0.45,,
참치채소무침,"다랑어, 가다랑어, 통조림, 유지",90,샐러드,한식
,"당근, 뿌리, 생것",7.5,,
,"양파, 생것",7.5,,
,"오이, 다다기, 생것",7.5,,
,"파프리카, 노란색, 생것",7.5,,
,"간장, 개량, 양조",3,,
,"파, 생것",3,,
,"설탕, 백설탕",1.5,,
,"식초, 양조",1.5,,
,"마늘, 생것",0.75,,
,"후추, 검은색, 가루",0.15,,
참치채소볶음,"다랑어, 가다랑어, 통조림, 유지",60,볶음,한식
,"당근, 뿌리, 생것",15,,
,"양파, 생것",15,,
,콩기름,3.75,,
,참기름,0.3,,
,소금,0.15,,
,"후추, 검은색, 가루",0.15,,
참치파프리카볶음,"다랑어, 가다랑어, 통조림, 유지",75,볶음,한식
,"파프리카, 노란색, 생것",7.5,,
,"파프리카, 빨간색, 생것",7.5,,
,콩기름,3.75,,
,참기름,0.3,,
,소금,0.15,,
,"후추, 검은색, 가루",0.15,,
채소달걀말이,"달걀, 생것",75,구이,한식
,콩기름,7.5,,
,"파, 생것",7.5,,
,"당근, 뿌리, 생것",4.5,,
,소금,0.3,,
채소달걀말이성인,"달걀, 생것",112.5,반찬,한식
,"시금치, 생것",7.5,,
,콩기름,7.5,,
,"당근, 뿌리, 생것",4.5,,
,"양파, 생것",4.5,,
,소금,0.75,,
,"후추, 검은색, 가루",0.3,,
채소달걀찜,"달걀, 생것",75,찜,한식
,"양파, 생것",7.5,,
,"파, 생것",7.5,,
,"당근, 뿌리, 생것",4.5,,
,소금,0.3,,
천사채샐러드,"곤약(구약나물), 국수형, 생것",52.5,샐러드,한식
,"게맛살, 어육함량이 낮은것",10.5,,
,"당근, 뿌리, 생것",10.5,,
,"오이, 취청, 생것",10.5,,
,마요네즈,7.5,,
,"레몬, 생것",0.75,,
,"설탕, 백설탕",0.75,,
,"소금, 정제염",0.15,,
,"후추, 검은색, 가루",0.15,,
청경채겉절이,"청경채, 생것",37.5,김치,한식
,"양파, 생것",15,,
,"간장, 개량, 양조",3,,
,"당근, 뿌리, 생것",3,,
,"멸치, 액젓",1.5,,
,"설탕, 백설탕",1.5,,
,참기름,0.9,,
,고춧가루,0.75,,
,"마늘, 생것",0.75,,
청경채나물,"청경채, 생것",52.5,샐러드,한식
,"간장, 재래",0.75,,
,참기름,0.75,,
,"참깨, 흰색, 볶은것",0.75,,
,"마늘, 생것",0.3,,
,소금,0.15,,
청경채맛살볶음,"게맛살, 어육함량이 낮은것",45,볶음,한식
,"청경채, 생것",30,,
,콩기름,7.5,,
,굴 소스,4.5,,
,"파, 실파, 생것",3,,
청경채무침,"청경채, 생것",105,샐러드,한식
,소금,1.5,,
,"파, 대파, 생것",1.5,,
,"마늘, 깐마늘, 수입산, 생것",0.9,,
,참기름,0.6,,
,"깨소금, 가루, 볶은것",0.3,,
청국장찌개,두부,60,국,한식
,"양파, 생것",15,,
,"호박, 애호박, 생것",15,,
,청국장,6,,
,"멸치, 대멸치, 삶아서 말린것",3,,
,"파, 대파, 생것",3,,
,"다시마, 말린것",1.5,,
,마늘 페이스트,1.5,,
청포묵김가루무침,녹두묵,45,샐러드,한식
,"당근, 뿌리, 생것",7.5,,
,"숙주나물, 생것",7.5,,
,"오이, 다다기, 생것",7.5,,
,소금,3,,
,콩기름,3,,
,"간장, 개량, 양조",1.5,,
,"김, 참김, 말린것",1.5,,
,참기름,1.5,,
,"마늘, 생것",0.75,,
,"깨소금, 가루, 볶은것",0.3,,
청포묵김무침,녹두묵,0,샐러드,한식
,"간장, 재래",4.5,,
,"김, 참김, 말린것",1.8,,
,"마늘, 생것",0.6,,
,참기름,0.6,,
,"참깨, 흰색, 볶은것",0,,
청포묵무침,녹두묵,150,샐러드,한식
,"당근, 뿌리, 생것",5.25,,
,"간장, 개량, 양조",3,,
,"파, 대파, 생것",2.25,,
,"마늘, 생것",0.3,,
,참기름,0.3,,
,"참깨, 흰색, 볶은것",0.15,,
추어탕,"무청, 시래기, 말린것, 삶은것",52.5,국,한식
,"미꾸라지, 생것",52.5,,
,"된장, 재래",7.5,,
,"들깨, 말린것",3.75,,
,"간장, 재래",1.5,,
,고춧가루,1.5,,
,"마늘, 생것",0.75,,
,소금,0.75,,
춘권튀김초간장,춘권,52.5,튀김,한식
,콩기름,7.5,,
,"간장, 재래",4.5,,
,고춧가루,1.5,,
,"설탕, 백설탕",0.75,,
,"식초, 사과식초",0.75,,
,"참깨, 흰색, 볶은것",0.75,,
춘천닭갈비,"닭고기, 가슴, 생것",0,볶음,한식
,"양배추, 생것",30,,
,"양파, 생것",15,,
,"파, 대파, 생것",15,,
,"고추장, 개량",4.5,,
,"파, 생것",4.5,,
,물엿,3,,
,"마늘, 생것",1.5,,
,"청주, 알코올 16%",1.5,,
,콩기름,1.5,,
,"후추, 검은색, 가루",0,,
취나물무침,"취나물, 참취, 생것",52.5,샐러드,한식
,"파, 생것",2.25,,
,"간장, 재래",0.75,,
,"마늘, 생것",0.3,,
,참기름,0.3,,
,소금,0.15,,
치즈달걀말이,"달걀, 생것",82.5,구이,한식
,"치즈, 체다",15,,
,"양파, 생것",10.5,,
,"당근, 뿌리, 생것",4.5,,
,콩기름,4.5,,
,"소금, 천일염",0.3,,
치커리겉절이,"치커리, 잎, 생것",45,샐러드,한식
,"양파, 생것",15,,
,"당근, 뿌리, 생것",7.5,,
,"간장, 개량, 양조",3,,
,고춧가루,3,,
,"마늘, 생것",0.75,,
,"설탕, 백설탕",0.75,,
,참기름,0.75,,
,"참깨, 흰색, 볶은것",0.75,,
치커리사과무침,"치커리, 잎, 생것",52.5,샐러드,한식
,"사과, 부사, 생것",21,,
,"파, 생것",2.25,,
,"멸치, 액젓",1.5,,
,고춧가루,0.3,,
,"마늘, 생것",0.3,,
,참기름,0.3,,
,"설탕, 백설탕",0.15,,
치커리상추무침,"상추, 잎상추, 적하계, 적색, 생것",75,샐러드,한식
,"치커리, 잎, 생것",30,,
,"파, 생것",4.5,,
,"간장, 재래",1.5,,
,"마늘, 생것",0.6,,
,참기름,0.6,,
,소금,0.3,,
치커리양파무침,"치커리, 잎, 생것",45,샐러드,한식
,"양파, 생것",,,
,"마늘, 생것",3,,
,"파, 대파, 생것",3,,
,고춧가루,1.5,,
,"설탕, 백설탕",1.5,,
,참기름,1.5,,
,"멸치, 액젓",0.75,,
치커리오이생채,"치커리, 잎, 생것",22.5,샐러드,한식
,"오이, 취청, 생것",,,
,"부추, 재래종, 생것",10.5,,
,"간장, 재래",3,,
,"설탕, 백설탕",3,,
,"멸치, 액젓",1.5,,
,"마늘, 생것",0.75,,
,"식초, 감식초",0.75,,
,참기름,0.75,,
,"참깨, 흰색, 볶은것",0.3,,
치커리유자무침,"치커리, 잎, 생것",60,샐러드,한식
,유자청,6,,
,"마늘, 생것",0.75,,
,참기름,0.75,,
,"참깨, 흰색, 볶은것",0.75,,
치커리유자청무침,"치커리, 잎, 생것",52.5,샐러드,한식
,유자청,7.5,,
,"파, 생것",2.25,,
,"마늘, 생것",0.3,,
,"설탕, 백설탕",0.15,,
,소금,0.15,,
,"식초, 사과식초",0.15,,
치킨가라아게,"닭고기, 살코기, 생것",90,튀김,한식
,"달걀, 생것",12,,
,"밀, 튀김가루",12,,
,콩기름,7.5,,
,"전분, 감자, 가루",4.5,,
,소금,0.3,,
,"후추, 검은색, 가루",0.15,,
치킨가스,"닭고기, 가슴, 생것",60,튀김,한식
,"밀, 빵가루",18,,
,"밀, 중력밀가루",10.5,,
,"달걀, 생것",7.5,,
,"생강, 뿌리줄기, 생것",1.5,,
,콩기름,1.5,,
,소금,0.75,,
,"후추, 검은색, 가루",0.15,,
치킨가스소스,"닭고기, 가슴, 생것",45,튀김,한식
,우스터 소스,,,
,콩기름,,,
,"달걀, 생것",7.5,,
,"밀, 빵가루",4.5,,
,"밀, 중력밀가루",4.5,,
,소금,0.3,,
,"후추, 검은색, 가루",0,,
치킨까스소스,"닭고기, 가슴, 생것",90,튀김,한식
,"달걀, 생것",15,,
,타르타르소스,15,,
,"밀, 빵가루",9,,
,"밀, 중력밀가루",9,,
,콩기름,7.5,,
,소금,0.3,,
치킨너겟머스타드소스,"치킨너겟, 냉동, 튀긴것",52.5,반찬,한식
,콩기름,7.5,,
,겨자 페이스트,4.5,,
카레라이스,"멥쌀, 백미, 생것",50,일품밥,한식
,"돼지고기, 목심, 생것",25,,
,"감자, 대지, 생것",10,,
,"카레 소스, 가루",10,,
,"당근, 뿌리, 생것",5,,
,"양파, 생것",5,,
,콩기름,3,,
,"후추, 흰색, 가루",0.1,,
카스테라,"빵, 카스텔라",50,반찬,한식
카스텔라,"빵, 카스텔라",40,곡류(간식),한식
커스타드,"과자, 비스킷, 소프트",80,반찬,한식
커스타드우유,우유,200,우유(간식),한식
,"과자, 비스킷, 소프트",80,,
컬리플라워브로콜리숙회,"브로콜리, 생것",30,샐러드,한식
,"배추, 데친것",20,,
,초고추장,5,,
코다리강정,"명태, 코다리, 반건조",45,튀김,한식
,"전분, 감자, 가루",4.5,,
,"설탕, 백설탕",3,,
,"청주, 알코올 16%",3,,
,콩기름,3,,
,"고추장, 개량",2.25,,
,"간장, 개량, 양조",1.5,,
,"마늘, 생것",1.5,,
,참기름,0.3,,
,소금,0.15,,
,"참깨, 흰색, 볶은것",0.15,,
,"후추, 검은색, 가루",0.15,,
코다리무조림,"명태, 코다리, 반건조",45,조림,한식
,"무, 조선무, 생것",22.5,,
,"간장, 개량, 양조",4.5,,
,"파, 생것",4.5,,
,"고추장, 개량",1.5,,
,"마늘, 생것",1.5,,
,물엿,1.5,,
,고춧가루,0.75,,
,"설탕, 백설탕",0.75,,
,참기름,0.75,,
,"참깨, 흰색, 볶은것",0.15,,
,"후추, 검은색, 가루",0.15,,
코다리양념찜,"명태, 코다리, 반건조",45,찜,한식
,"간장, 재래",7.5,,
,"파, 생것",7.5,,
,고춧가루,1.5,,
,"마늘, 생것",1.5,,
,참기름,0.75,,
,"참깨, 흰색, 볶은것",0.3,,
코다리엿장조림,"명태, 코다리, 반건조, 구운것",105,조림,한식
,"무, 조선무, 생것",30,,
,"파, 생것",7.5,,
,"간장, 개량, 양조",3,,
,물엿,3,,
,참기름,3,,
,"마늘, 생것",1.5,,
,"설탕, 백설탕",1.5,,
,"청주, 알코올 16%",1.5,,
,고춧가루,0.75,,
,"참깨, 흰색, 볶은것",0.75,,
,"후추, 검은색, 가루",0.3,,
콩가루배추국,생수,321,국,한식
,"배추, 얼갈이배추, 생것",75,,
,"된장, 재래",7.5,,
,"대두, 콩가루",3,,
,"다시마, 말린것",1.5,,
,"마늘, 생것",1.5,,
,"멸치, 대멸치, 삶아서 말린것",1.5,,
,"파, 대파, 생것",1.5,,
콩가루배춧국,"배추, 생것",52.5,국,한식
,"된장, 개량",11.25,,
,"대두, 콩가루",4.5,,
,"파, 생것",4.5,,
,"멸치, 대멸치, 삶아서 말린것",3,,
,"마늘, 생것",0.75,,
콩나물국,생수,321,국,한식
,"콩나물, 생것",75,,
,"파, 대파, 생것",7.5,,
,"멸치, 대멸치, 삶아서 말린것",3,,
,"고추, 빨간색, 생것",1.5,,
,"고추, 청양고추, 생것",1.5,,
,"마늘, 생것",1.5,,
,소금,0.9,,
,"다시마, 말린것",0.3,,
콩나물김칫국,"김치, 배추 김치",30,국,한식
,"콩나물, 생것",21,,
,"파, 생것",4.5,,
,"멸치, 대멸치, 삶아서 말린것",3,,
,"마늘, 생것",0.75,,
,소금,0.45,,
콩나물냉국,"콩나물, 생것",52.5,국,한식
,"파, 생것",4.5,,
,"다시마, 말린것",1.5,,
,"마늘, 생것",0.75,,
,소금,0.75,,
콩나물돈불고기,"돼지고기, 앞다리(꾸리살), 생것",75,볶음,한식
,"콩나물, 생것",15,,
,"간장, 재래",7.5,,
,콩기름,4.5,,
,물엿,3.75,,
,"청주, 알코올 16%",3.75,,
,"마늘, 생것",2.25,,
,"설탕, 백설탕",2.25,,
,"생강, 뿌리줄기, 생것",1.2,,
,참기름,0.75,,
,"후추, 검은색, 가루",0,,
콩나물무침,"콩나물, 생것",52.5,샐러드,한식
,고춧가루,0.75,,
,"깨소금, 가루, 볶은것",0.75,,
,"마늘, 생것",0.75,,
,소금,0.75,,
,참기름,0.75,,
,"파, 생것",0.75,,
콩나물불고기,"돼지고기, 뒷다리, 생것",45,볶음,한식
,"콩나물, 생것",22.5,,
,"파, 생것",22.5,,
,"당근, 뿌리, 생것",7.5,,
,"양파, 생것",7.5,,
,"간장, 개량, 양조",4.5,,
,콩기름,3.75,,
,"마늘, 생것",1.5,,
,"설탕, 백설탕",0.75,,
,참기름,0.3,,
,"후추, 검은색, 가루",0.15,,
콩나물삼색채,"콩나물, 생것",75,샐러드,한식
,"당근, 뿌리, 생것",15,,
,"오이, 다다기, 생것",15,,
,"배, 돌배, 생것",10.5,,
,"식초, 사과식초",4.5,,
,"겨자, 적색, 생것",2.25,,
,"설탕, 백설탕",2.25,,
,소금,0.3,,
콩비지백탕,비지,90,국,한식
,"느타리버섯, 생것",22.5,,
,"배추, 얼갈이배추, 생것",15,,
,"들깨, 말린것",9,,
,"멸치, 생것",3,,
,"다시마, 말린것",1.2,,
,소금,0.45,,
콩비지찌개,비지,45,국,한식
,"김치, 배추 김치",15,,
,"돼지고기, 목심, 생것",15,,
,"파, 생것",4.5,,
,"마늘, 생것",0.75,,
,소금,0.75,,
,고춧가루,0.3,,
크래커,"과자, 크래커",30,반찬,한식
크로와상,"빵, 크루아상",40,곡류(간식),한식
크림빵,"빵, 크림빵",50,곡류(간식),한식
크림스프,"스프, 크림 스프, 가루",15,국,한식
키위,"키위, 그린, 생것",80,과일(간식),한식
탕수육,"돼지고기, 등심, 생것",45,구이,한식
,콩기름,15,,
,"달걀, 생것",7.5,,
,"당근, 뿌리, 생것",7.5,,
,"밀, 튀김가루",7.5,,
,"양파, 생것",7.5,,
,"오이, 다다기, 생것",7.5,,
,"간장, 개량, 양조",4.5,,
,"전분, 감자, 가루",4.5,,
,"식초, 사과식초",3,,
,"설탕, 백설탕",0.3,,
,소금,0.3,,
,"후추, 검은색, 가루",0.15,,
탕수육소스,"돼지고기, 등심, 생것",60,구이,한식
,"전분, 감자, 가루",15,,
,"달걀, 생것",7.5,,
,콩기름,7.5,,
,"당근, 뿌리, 생것",4.5,,
,"양파, 생것",4.5,,
,"오이, 취청, 생것",4.5,,
,"간장, 개량, 양조",1.5,,
,"목이버섯, 말린것",1.5,,
,"설탕, 백설탕",1.5,,
,"식초, 양조",1.5,,
,"후추, 검은색, 가루",0.15,,
탕평채,녹두묵,150,샐러드,한식
,"미나리, 물미나리, 생것",21,,
,"당근, 뿌리, 생것",5.25,,
,"간장, 재래",3,,
,"파, 생것",2.25,,
,"마늘, 생것",0.3,,
,참기름,0.3,,
,"참깨, 흰색, 볶은것",0.15,,
토란국,"소고기, 한우(1등급), 양지(양지머리), 생것",39,국,한식
,"토란, 생것",15,,
,"감자, 대지, 생것",7.5,,
,"무, 조선무, 생것",7.5,,
,"토란대, 줄기, 생것",7.5,,
,"다시마, 말린것",4.5,,
,"마늘, 생것",0.75,,
,소금,0.75,,
,"파, 대파, 생것",0.75,,
토란대나물,"토란대, 줄기, 생것",60,샐러드,한식
,"간장, 재래",6,,
,"들깨, 말린것",3,,
,"파, 생것",3,,
,"마늘, 생것",1.5,,
,참기름,1.5,,
토란대된장국,"토란대, 줄기, 생것",60,국,한식
,"된장, 개량",7.5,,
,"멸치, 대멸치, 삶아서 말린것",1.5,,
,"파, 생것",1.5,,
,"마늘, 생것",1.2,,
,"다시마, 생것",0.75,,
토란대들깨나물,"토란대, 줄기, 데친것",78.75,샐러드,한식
,"파, 대파, 생것",3.45,,
,"간장, 재래",0.45,,
,"마늘, 생것",0.45,,
,참기름,0.45,,
,"들깨, 말린것",0.3,,
,소금,0.3,,
토마토,"토마토, 생것",35,반찬,한식
토마토달걀볶음,"달걀, 생것",40,볶음,한식
,"토마토, 생것",25,,
,"양파, 생것",10,,
,콩기름,3,,
,"소금, 정제염",0.2,,
토마토달걀볶음성인,"달걀, 생것",75,볶음,한식
,"토마토, 생것",75,,
,"양파, 생것",15,,
,콩기름,7.5,,
,소금,0.3,,
토마토양상추샐러드발사믹드레싱,"토마토, 생것",60,샐러드,한식
,"상추, 결구(양상추), 녹색, 생것",45,,
,"간장, 개량, 양조",6,,
,올리브유,4.5,,
,물엿,2.25,,
,"식초, 포도식초",1.5,,
토마토양상추샐러드발사믹샐러드,"토마토, 생것",60,샐러드,한식
,"상추, 결구(양상추), 녹색, 생것",45,,
,"간장, 개량, 양조",6,,
,올리브유,4.5,,
,물엿,2.25,,
,"식초, 포도식초",1.5,,
토마토양상추샐러드오리엔탈드레싱,"상추, 결구(양상추), 녹색, 생것",45,샐러드,한식
,"토마토, 생것",30,,
,"치커리, 잎, 생것",15,,
,"파프리카, 빨간색, 생것",7.5,,
,"파프리카, 주황색, 생것",7.5,,
,"간장, 개량, 양조",6,,
,"마늘, 생것",0.6,,
,"설탕, 백설탕",0.6,,
,올리브유,0.6,,
,"식초, 사과식초",0.3,,
,참기름,0.3,,
,"참깨, 흰색, 볶은것",0.3,,
토마토양상추샐러드참깨드레싱,"토마토, 방울토마토, 생것",30,샐러드,한식
,"상추, 결구(양상추), 녹색, 생것",15,,
,"오이, 다다기, 생것",15,,
,"참깨, 흰색, 볶은것",3,,
,"간장, 개량, 양조",1.5,,
,"설탕, 백설탕",1.5,,
,"식초, 사과식초",0.75,,
,참기름,0.45,,
톳두부무침,두부,75,샐러드,한식
,"톳, 생것",30,,
,"파, 대파, 생것",4.5,,
,"간장, 개량, 양조",1.5,,
,참기름,1.5,,
,"마늘, 생것",0.75,,
통밀쿠키,"과자, 쿠키, 통밀",30,곡류(간식),한식
파래무무침,"파래, 생것",39,샐러드,한식
,"무, 조선무, 생것",21,,
,"설탕, 가루",6,,
,"식초, 사과식초",6,,
,"마늘, 생것",0.9,,
,"깨소금, 가루, 볶은것",0.3,,
파채무침,"파, 대파, 생것",45,샐러드,한식
,"간장, 개량, 양조",4.5,,
,고춧가루,0.75,,
,"마늘, 생것",0.75,,
,참기름,0.75,,
,"참깨, 흰색, 볶은것",0.3,,
파프리카팽이버섯볶음,"파프리카, 빨간색, 생것",30,볶음,한식
,"파프리카, 초록색, 생것",30,,
,"팽이버섯, 생것",15,,
,"양파, 생것",7.5,,
,콩기름,1.5,,
,"파, 생것",1.5,,
,"마늘, 생것",1.2,,
,"소금, 천일염",0.75,,
,"참깨, 흰색, 볶은것",0.3,,
팥시루떡,"찹쌀떡, 찰시루떡",50,곡류(간식),한식
팥죽,"팥, 적색, 말린것",60,국,한식
,"멥쌀, 백미, 생것",11,,
,"찹쌀, 백미, 생것",11,,
,"설탕, 백설탕",1.5,,
,소금,0.3,,
팽이된장국,"팽이버섯, 생것",22.5,국,한식
,두부,7.5,,
,"된장, 개량",6,,
,"파, 생것",4.5,,
,"멸치, 대멸치, 삶아서 말린것",3,,
,"마늘, 생것",0.75,,
팽이버섯장국,"팽이버섯, 생것",45,국,한식
,"무, 조선무, 생것",30,,
,미소,6,,
,"멸치, 대멸치, 삶아서 말린것",3,,
,"파, 대파, 생것",3,,
,"다시마, 말린것",1.5,,
,마늘 페이스트,1.5,,
팽이버섯파프리카볶음,"팽이버섯, 생것",45,볶음,한식
,"파프리카, 노란색, 생것",22.5,,
,"파프리카, 빨간색, 생것",22.5,,
,콩기름,4.5,,
,"파, 생것",2.25,,
,"간장, 개량, 양조",1.5,,
,"마늘, 생것",1.5,,
,소금,0.75,,
,참기름,0.75,,
팽이버섯피망볶음,"팽이버섯, 생것",60,볶음,한식
,"피망, 초록색, 생것",15,,
,"파, 대파, 생것",3,,
,콩기름,2.25,,
,참기름,1.5,,
,소금,0.45,,
,"후추, 검은색, 가루",0.07,,
팽이장국,"팽이버섯, 생것",22.5,국,한식
,"된장, 재래",6,,
,"파, 대파, 생것",4.5,,
,"멸치, 대멸치, 삶아서 말린것",3,,
,"마늘, 생것",0.75,,
표고달걀찜,"달걀, 생것",90,찜,한식
,"표고버섯, 배지재배, 생것",12,,
,"당근, 뿌리, 생것",7.5,,
,"파, 생것",7.5,,
,소금,0.75,,
,"후추, 검은색, 가루",0.3,,
표고버섯굴소스볶음,"표고버섯, 배지재배, 생것",45,볶음,한식
,"당근, 뿌리, 생것",7.5,,
,"양파, 생것",7.5,,
,"파, 생것",7.5,,
,굴 소스,4.5,,
,콩기름,3.75,,
,"마늘, 생것",1.5,,
,참기름,0.3,,
,"후추, 검은색, 가루",0.15,,
표고버섯볶음,"표고버섯, 참나무재배, 생것",52.5,볶음,한식
,"브로콜리, 생것",7.5,,
,"파, 생것",2,,
,"간장, 개량, 양조",0.9,,
,콩기름,0.75,,
,"마늘, 생것",0.3,,
,소금,0.15,,
,참기름,0.15,,
표고버섯조림,"표고버섯, 참나무재배, 생것",120,조림,한식
,"간장, 개량, 양조",15,,
,물엿,2.25,,
,"설탕, 백설탕",1.5,,
,콩기름,1.35,,
,맛술,0.75,,
,"참깨, 흰색, 볶은것",0.45,,
프렌치토스트,"빵, 식빵",48,곡류(간식),한식
,"달걀, 생것",16,,
,콩기름,1.6,,
,"설탕, 백설탕",0.8,,
하이라이스,"멥쌀, 백미, 생것",60,일품밥,한식
,"돼지고기, 뒷다리, 생것",20,,
,"카레 소스, 가루",15,,
,"감자, 대지, 생것",10,,
,"당근, 뿌리, 생것",7,,
,"양파, 생것",7,,
,콩기름,3,,
,"후추, 검은색, 가루",1,,
한과,"과자, 약과",30,반찬,한식
한라봉,"귤, 만감류, 한라봉, 생것",100,과일(간식),한식
한식잡채,"돼지고기, 등심, 생것",37.5,볶음,한식
,"당면, 고구마, 말린것",15,,
,"느타리버섯, 생것",7.5,,
,"당근, 뿌리, 생것",7.5,,
,"시금치, 생것",7.5,,
,"양파, 생것",7.5,,
,"간장, 재래",4.5,,
,콩기름,3.75,,
,"마늘, 생것",1.5,,
,참기름,0.3,,
,"참깨, 흰색, 볶은것",0.15,,
,"후추, 검은색, 가루",0.15,,
함박스테이크,"돼지고기, 등심, 생것",30,구이,한식
,"소고기, 한우, 등심, 생것",30,,
,"달걀, 생것",15,,
,"양파, 생것",12,,
,"당근, 뿌리, 생것",9,,
,"밀, 빵가루",7.5,,
,우스터 소스,6,,
,콩기름,3,,
,"마늘, 생것",1.5,,
,"소금, 정제염",0.6,,
,"후추, 검은색, 가루",0.15,,
함박스테이크소스,"돼지고기, 등심, 생것",30,구이,한식
,"소고기, 한우, 등심, 생것",30,,
,"달걀, 생것",15,,
,"밀, 빵가루",9,,
,우스터 소스,7.5,,
,"양파, 생것",7.5,,
,콩기름,3.75,,
,"당근, 뿌리, 생것",3,,
,"마늘, 생것",2.25,,
,맛술,1.5,,
,"생강, 뿌리줄기, 생것",0.45,,
,"소금, 정제염",0.45,,
,"후추, 검은색, 가루",0.15,,
핫케이크,"밀, 팬케이크가루",30,곡류(간식),한식
,우유,10,,
,"달걀, 생것",5,,
,콩기름,1,,
해물동그랑땡전,"오징어, 생것",45,전,한식
,"새우, 중하, 생것",22.5,,
,"달걀, 생것",15,,
,"밀, 중력밀가루",4.5,,
,올리브유,4.5,,
,"당근, 뿌리, 생것",3,,
,"부추, 재래종, 생것",3,,
,"소금, 정제염",0.45,,
해물부추전,"부추, 재래종, 생것",22.5,전,한식
,"오징어, 생것",15,,
,"달걀, 생것",12,,
,"밀, 부침가루",12,,
,"양파, 생것",7.5,,
,"조개, 살조개, 생것",7.5,,
,콩기름,7.5,,
,"당근, 뿌리, 생것",4.5,,
,소금,0.3,,
해물완자전,새우완자,67.5,전,한식
,콩기름,7.5,,
해물완자조림,"밀, 부침가루",15,조림,한식
,"새우, 각시흰새우, 생것",15,,
,"오징어, 생것",15,,
,"달걀, 생것",10.5,,
,"양파, 생것",10.5,,
,"당근, 뿌리, 생것",7.5,,
,토마토 케첩,7.5,,
,물엿,3,,
,콩기름,3,,
,"파, 대파, 생것",1.05,,
,"마늘, 생것",0.45,,
,소금,0.3,,
해물짬뽕국,"양배추, 생것",30,국,한식
,"오징어, 갑오징어, 생것",22.5,,
,"양파, 생것",15,,
,"새우, 중하, 생것",7.5,,
,"조개, 살조개, 생것",7.5,,
,"멸치, 잔멸치, 삶아서 말린것",4.5,,
,콩기름,3,,
,"파, 대파, 생것",3,,
,"간장, 재래",1.5,,
,고춧가루,0.75,,
,"다시마, 말린것",0.75,,
,"마늘, 생것",0.75,,
,소금,0.15,,
해물콩나물찜,"콩나물, 생것",75,찜,한식
,"오징어, 생것",52.5,,
,"새우, 가시발새우, 생것",45,,
,"담치, 참담치(홍합), 생것",37.5,,
,"미나리, 돌미나리, 생것",30,,
,"고둥, 갈색띠매물고둥, 생것",15,,
,"대합, 북방대합, 생것",15,,
,"전분, 감자, 가루",9,,
,"파, 대파, 생것",9,,
,"마늘, 생것",7.5,,
,"배초향(방아), 잎, 생것",6,,
,고춧가루,4.5,,
,소금,3,,
,"참깨, 흰색, 볶은것",1.5,,
해물파전,"밀, 중력밀가루",15,전,한식
,"오징어, 생것",15,,
,"파, 쪽파, 생것",15,,
,"달걀, 생것",10,,
,"양파, 생것",10,,
,"새우, 흰다리새우, 생것",7.5,,
,"조개, 살조개, 생것",7.5,,
,콩기름,5,,
,소금,0.2,,
해물파전달래장,"파, 쪽파, 생것",45,반찬,한식
,"달걀, 생것",22.5,,
,"밀, 부침가루",22.5,,
,"새우, 대하, 생것",15,,
,"오징어, 생것",15,,
,"조개, 살조개, 생것",15,,
,"당근, 뿌리, 생것",10.5,,
,"양파, 생것",10.5,,
,콩기름,4.5,,
,"간장, 재래",1.5,,
,"달래, 생것",1.5,,
,"마늘, 생것",1.5,,
,참기름,0.3,,
,"참깨, 흰색, 볶은것",0.3,,
,고춧가루,0.15,,
해해물김치전,"바지락, 생것",30,김치,한식
,"새우, 중하, 생것",30,,
,"오징어, 생것",30,,
,"밀, 부침가루",22.5,,
,"김치, 배추 김치",7.5,,
,콩기름,3,,
,소금,0.3,,
햄김치볶음밥,"멥쌀, 백미, 생것",70,일품밥,한식
,"김치, 배추 김치",40,,
,"햄, 등심햄",25,,
,"양파, 생것",10,,
,"파, 생것",5,,
,"고추장, 재래",3,,
,콩기름,2,,
,"설탕, 백설탕",1,,
,참기름,1,,
,"참깨, 흰색, 볶은것",0.5,,
햄치즈샌드위치,"빵, 식빵",40,곡류(간식),한식
,"치즈, 체다",10,,
,"햄, 슬라이스햄",10,,
,"상추, 결구(양상추), 녹색, 생것",7,,
,겨자 페이스트,4,,
,오이 피클,2,,
호떡,"밀, 강력밀가루",20,곡류(간식),한식
,"찹쌀, 백미, 가루",5,,
,콩기름,4,,
,"땅콩, 볶은것",2,,
,"설탕, 백설탕",2,,
,"설탕, 흑설탕",1,,
,"팽창제, 효모, 말린것",1,,
,"계피, 가루",0.1,,
,소금,0.1,,
호밀빵,호밀빵,50,곡류(간식),한식
호박고추장찌개,생수,432,국,한식
,두부,30,,
,"호박, 쥬키니, 생것",30,,
,"감자, 대지, 생것",22.5,,
,"고추장, 개량",12,,
,"양파, 생것",12,,
,"파, 대파, 생것",7.5,,
,"된장, 재래",4.5,,
,"멸치, 대멸치, 삶아서 말린것",3,,
,"고추, 청양고추, 생것",1.5,,
,"다시마, 말린것",1.5,,
,"마늘, 생것",1.5,,
호박된장국,"호박, 애호박, 생것",22.5,국,한식
,두부,15,,
,"양파, 생것",7.5,,
,"된장, 개량",4.5,,
,"멸치, 대멸치, 삶아서 말린것",1.5,,
,"다시마, 말린것",0.75,,
,마늘 페이스트,0.75,,
호박된장찌개,"호박, 단호박, 생것",30,국,한식
,"감자, 대지, 생것",22.5,,
,"무, 조선무, 생것",22.5,,
,"된장, 재래",12,,
,"양파, 생것",12,,
,"파, 골파, 생것",7.5,,
,"마늘, 생것",3,,
,고춧가루,1.2,,
,"멸치, 대멸치, 삶아서 말린것",1.05,,
,"다시마, 말린것",0.6,,
호박새우젓국,생수,303,국,한식
,"호박, 쥬키니, 생것",45,,
,두부,30,,
,"양파, 생것",7.5,,
,"파, 대파, 생것",4.5,,
,"간장, 재래",1.5,,
,"멸치, 대멸치, 삶아서 말린것",1.5,,
,"고추, 빨간색, 생것",0.75,,
,"마늘, 생것",0.75,,
,"새우, 젓갈",0.75,,
,소금,0.3,,
,"후추, 검은색, 가루",0,,
호박잎나물,"호박, 잎, 생것",75,샐러드,한식
,"간장, 개량, 양조",1.8,,
,"마늘, 난지형, 생것",0.75,,
,"깨소금, 가루, 볶은것",0.3,,
,소금,0.3,,
,참기름,0.3,,
호박잎된장국,"호박, 잎, 생것",22.5,국,한식
,"된장, 재래",10.5,,
,"멸치, 대멸치, 삶아서 말린것",2.25,,
,"다시마, 말린것",0.75,,
,"마늘, 난지형, 생것",0.75,,
,소금,0.3,,
호박채전,"호박, 애호박, 생것",52.5,전,한식
,"달걀, 생것",7.5,,
,콩기름,7.5,,
,"밀, 중력밀가루",4.5,,
,소금,0.3,,
호빵,"빵, 찐빵, 팥",60,곡류(간식),한식
홍합살맑은국,"담치, 참담치(홍합), 통조림",60,국,한식
,"파, 생것",4.5,,
,"마늘, 생것",0.75,,
,소금,0.75,,
홍합살뭇국,"담치, 참담치(홍합), 생것",60,국,한식
,"무, 조선무, 생것",,,
,"파, 생것",4.5,,
,"마늘, 생것",0.75,,
,소금,0.75,,
,참기름,0.45,,
홍합살미역국,"담치, 참담치(홍합), 통조림",24,국,한식
,"미역, 말린것",4.5,,
,참기름,2.25,,
,"간장, 재래",0.75,,
,"마늘, 생것",0.75,,
,소금,0.6,,
황태미역국,"명태, 황태, 포, 말린것",11.25,국,한식
,"미역, 말린것",4.5,,
,참기름,2.25,,
,"간장, 재래",0.75,,
,"마늘, 생것",0.75,,
황태채무국,"무, 조선무, 생것",30,국,한식
,"명태, 황태, 포, 말린것",11,,
,"파, 생것",4.5,,
,"멸치, 대멸치, 삶아서 말린것",2,,
,참기름,2,,
,"마늘, 생것",1,,
,소금,1,,
황태채뭇국,"무, 조선무, 생것",30,국,한식
,"명태, 황태, 포, 말린것",11.25,,
,"파, 생것",4.5,,
,"멸치, 대멸치, 삶아서 말린것",2.25,,
,참기름,2.25,,
,"마늘, 생것",1.12,,
,소금,1.12,,
황태해장국,"순무, 뿌리, 생것",22.5,국,한식
,"명태, 황태, 포, 말린것",,,
,"간장, 개량, 산분해",1.5,,
,참기름,1.5,,
,"파, 생것",1.5,,
,"마늘, 생것",0.75,,
후르츠탕수육,"돼지고기, 등심, 생것",45,튀김,한식
,"프루트칵테일, 통조림",15,,
,"달걀, 생것",7.5,,
,"당근, 뿌리, 생것",7.5,,
,"밀, 튀김가루",7.5,,
,"양파, 생것",7.5,,
,"오이, 다다기, 생것",7.5,,
,콩기름,7.5,,
,토마토 케첩,6,,
,"전분, 감자, 가루",3.75,,
,"식초, 사과식초",3,,
,"설탕, 백설탕",1.5,,
,"피망, 빨간색, 생것",1.5,,
,"생강, 뿌리줄기, 생것",0.45,,
,소금,0.3,,
,"후추, 흰색, 가루",0,,
훈제오리구이,"오리고기, 조미훈제",67.5,구이,한식
,겨자 페이스트,7.5,,
훈제오리구이머스타드,"오리고기, 집오리, 살코기, 생것",50,구이,한식
,겨자 페이스트,3,,
,마요네즈,3,,
,"설탕, 백설탕",1,,
,소금,0.2,,
훈제오리구이머스터드소스,"오리고기, 생것, 껍질 포함",90,구이,한식
,겨자 페이스트,4.5,,
,꿀,3,,
,마요네즈,3,,
훈제오리냉채,"오리고기, 집오리, 살코기, 생것",90,샐러드,한식
,"당근, 뿌리, 생것",15,,
,"오이, 취청, 생것",15,,
,"마늘, 생것",7.5,,
,"설탕, 백설탕",7.5,,
,"겨자, 가루",1.5,,
,"식초, 사과식초",0.3,,
,"참깨, 검은색, 볶은것",0,,
훈제오리두루치기,"오리고기, 조미훈제",60,볶음,한식
,"양배추, 생것",22.5,,
,"양파, 생것",15,,
,"당근, 뿌리, 생것",7.5,,
,콩기름,3,,
,"파, 생것",3,,
,"간장, 개량, 양조",1.5,,
,"고추장, 개량",1.5,,
,고춧가루,0.75,,
,"마늘, 생것",0.75,,
,"설탕, 백설탕",0.75,,
,참기름,0.75,,
,"후추, 검은색, 가루",0.15,,
훈제오리부추무침,"오리고기, 살코기, 생것",120,샐러드,한식
,"부추, 재래종, 생것",30,,
,"파, 생것",4.5,,
,"멸치, 액젓",3,,
,참기름,3,,
,고춧가루,0.6,,
,"마늘, 생것",0.6,,
,"설탕, 백설탕",0.3,,
훈제오리채소무침,"오리고기, 집오리, 살코기, 생것",90,샐러드,한식
,"당근, 뿌리, 생것",15,,
,"오이, 취청, 생것",15,,
,"간장, 재래",7.5,,
,"마늘, 생것",7.5,,
,"설탕, 백설탕",7.5,,
,"참깨, 흰색, 볶은것",0.15,,
,"후추, 검은색, 가루",0.15,,
